[
{
  "model": "proteins.protein",
  "pk": 74,
  "fields": {
    "created": "2018-02-12T01:19:43.139Z",
    "modified": "2025-05-07T11:04:56.859Z",
    "status": "approved",
    "status_changed": "2022-02-07T00:07:55.860Z",
    "created_by": 1,
    "updated_by": 1,
    "uuid": "R9NL8",
    "name": "EGFP",
    "slug": "egfp",
    "base_name": "GFP",
    "aliases": "[\"enhanced GFP\", \"GFPmut1\"]",
    "chromophore": "TYG",
    "seq_validated": true,
    "seq": "MVSKGEELFTGVVPILVELDGDVNGHKFSVSGEGEGDATYGKLTLKFICTTGKLPVPWPTLVTTLTYGVQCFSRYPDHMKQHDFFKSAMPEGYVQERTIFFKDDGNYKTRAEVKFEGDTLVNRIELKGIDFKEDGNILGHKLEYNYNSHNVYIMADKQKNGIKVNFKIRHNIEDGSVQLADHYQQNTPIGDGPVLLPDNHYLSTQSALSKDPNEKRDHMVLLEFVTAAGITLGMDELYK",
    "seq_comment": "",
    "pdb": "[\"2Y0G\", \"4EUL\"]",
    "genbank": "AAB02572",
    "uniprot": "C5MKY7",
    "ipg_id": "928978",
    "mw": null,
    "agg": "wd",
    "oser": null,
    "switch_type": "b",
    "blurb": "",
    "cofactor": "",
    "parent_organism": 6100,
    "primary_reference": 66,
    "default_state": 93,
    "references": [
      66,
      422,
      67,
      62,
      22,
      256,
      69,
      237,
      70,
      68,
      234,
      650
    ]
  }
},
{
  "model": "users.user",
  "pk": 1,
  "fields": {
    "last_login": "2025-11-01T23:50:18.693Z",
    "is_superuser": true,
    "username": "talley",
    "first_name": "Talley",
    "last_name": "Lambert",
    "is_staff": true,
    "is_active": true,
    "date_joined": "2018-01-08T16:27:45Z",
    "name": "Talley Lambert",
    "user_permissions": []
  }
},
{
  "model": "proteins.state",
  "pk": 93,
  "fields": {
    "created": "2018-02-12T01:19:45.901Z",
    "modified": "2018-12-06T14:38:38.826Z",
    "created_by": null,
    "updated_by": null,
    "slug": "egfp_default",
    "ex_max": 488,
    "em_max": 507,
    "twop_ex_max": 927,
    "ext_coeff": 55900,
    "twop_peakGM": 39.6427910974025,
    "qy": 0.6,
    "twop_qy": null,
    "brightness": 33.54,
    "pka": 6.0,
    "lifetime": 2.6,
    "emhex": "#00ff26",
    "exhex": "#00f4ff",
    "is_dark": false,
    "name": "default",
    "maturation": 25.0,
    "protein": 74
  }
},
{
  "model": "proteins.spectrum",
  "pk": 17,
  "fields": {
    "created": "2018-05-16T01:41:28.430Z",
    "modified": "2018-07-20T15:32:22.596Z",
    "status": "approved",
    "status_changed": "2024-09-24T13:58:36.998Z",
    "created_by": null,
    "updated_by": null,
    "data": "[[300.0, 0.0962], [301.0, 0.0872], [302.0, 0.0801], [303.0, 0.0739], [304.0, 0.0675], [305.0, 0.0612], [306.0, 0.0579], [307.0, 0.0541], [308.0, 0.0528], [309.0, 0.049], [310.0, 0.0487], [311.0, 0.0474], [312.0, 0.0459], [313.0, 0.0446], [314.0, 0.0439], [315.0, 0.0446], [316.0, 0.0442], [317.0, 0.042], [318.0, 0.0412], [319.0, 0.0399], [320.0, 0.0391], [321.0, 0.0378], [322.0, 0.0353], [323.0, 0.0346], [324.0, 0.0348], [325.0, 0.0346], [326.0, 0.0317], [327.0, 0.0324], [328.0, 0.0321], [329.0, 0.0296], [330.0, 0.0308], [331.0, 0.0305], [332.0, 0.0299], [333.0, 0.0317], [334.0, 0.0312], [335.0, 0.0303], [336.0, 0.0322], [337.0, 0.0324], [338.0, 0.0326], [339.0, 0.0334], [340.0, 0.0348], [341.0, 0.0346], [342.0, 0.0357], [343.0, 0.0364], [344.0, 0.0374], [345.0, 0.0398], [346.0, 0.0412], [347.0, 0.0429], [348.0, 0.0438], [349.0, 0.0466], [350.0, 0.049], [351.0, 0.0481], [352.0, 0.0512], [353.0, 0.057], [354.0, 0.0539], [355.0, 0.0557], [356.0, 0.059], [357.0, 0.0616], [358.0, 0.0646], [359.0, 0.0662], [360.0, 0.0685], [361.0, 0.0723], [362.0, 0.0729], [363.0, 0.0756], [364.0, 0.0798], [365.0, 0.0814], [366.0, 0.0841], [367.0, 0.0875], [368.0, 0.0909], [369.0, 0.0921], [370.0, 0.0955], [371.0, 0.0984], [372.0, 0.1002], [373.0, 0.1011], [374.0, 0.1078], [375.0, 0.1103], [376.0, 0.1123], [377.0, 0.116], [378.0, 0.1174], [379.0, 0.1217], [380.0, 0.125], [381.0, 0.1269], [382.0, 0.1296], [383.0, 0.1324], [384.0, 0.1349], [385.0, 0.1363], [386.0, 0.1393], [387.0, 0.1429], [388.0, 0.1442], [389.0, 0.1465], [390.0, 0.148], [391.0, 0.1513], [392.0, 0.1541], [393.0, 0.1561], [394.0, 0.1582], [395.0, 0.1604], [396.0, 0.1622], [397.0, 0.1646], [398.0, 0.1651], [399.0, 0.1671], [400.0, 0.1683], [401.0, 0.1682], [402.0, 0.17], [403.0, 0.1701], [404.0, 0.171], [405.0, 0.1732], [406.0, 0.1732], [407.0, 0.1742], [408.0, 0.1763], [409.0, 0.1768], [410.0, 0.1776], [411.0, 0.1797], [412.0, 0.1818], [413.0, 0.184], [414.0, 0.1858], [415.0, 0.1879], [416.0, 0.1901], [417.0, 0.1933], [418.0, 0.1967], [419.0, 0.1992], [420.0, 0.2028], [421.0, 0.2052], [422.0, 0.2079], [423.0, 0.2113], [424.0, 0.2147], [425.0, 0.218], [426.0, 0.2218], [427.0, 0.2254], [428.0, 0.2299], [429.0, 0.2355], [430.0, 0.2408], [431.0, 0.2456], [432.0, 0.2518], [433.0, 0.2583], [434.0, 0.2661], [435.0, 0.2741], [436.0, 0.2832], [437.0, 0.2918], [438.0, 0.3018], [439.0, 0.3141], [440.0, 0.3248], [441.0, 0.337], [442.0, 0.3496], [443.0, 0.3629], [444.0, 0.3766], [445.0, 0.3915], [446.0, 0.4072], [447.0, 0.4225], [448.0, 0.4393], [449.0, 0.4558], [450.0, 0.4734], [451.0, 0.4898], [452.0, 0.508], [453.0, 0.5254], [454.0, 0.5431], [455.0, 0.561], [456.0, 0.5785], [457.0, 0.5951], [458.0, 0.6119], [459.0, 0.6284], [460.0, 0.6438], [461.0, 0.6601], [462.0, 0.6744], [463.0, 0.6887], [464.0, 0.7018], [465.0, 0.7151], [466.0, 0.7277], [467.0, 0.7397], [468.0, 0.7524], [469.0, 0.7647], [470.0, 0.7771], [471.0, 0.7889], [472.0, 0.8017], [473.0, 0.8143], [474.0, 0.8286], [475.0, 0.8418], [476.0, 0.8561], [477.0, 0.8705], [478.0, 0.8846], [479.0, 0.9003], [480.0, 0.9151], [481.0, 0.929], [482.0, 0.9436], [483.0, 0.9568], [484.0, 0.9691], [485.0, 0.9793], [486.0, 0.9885], [487.0, 0.9939], [488.0, 0.9982], [489.0, 1.0], [490.0, 0.9969], [491.0, 0.9908], [492.0, 0.9797], [493.0, 0.964], [494.0, 0.9442], [495.0, 0.9194], [496.0, 0.8904], [497.0, 0.8561], [498.0, 0.8188], [499.0, 0.7775], [500.0, 0.7346], [501.0, 0.6874], [502.0, 0.6399], [503.0, 0.5906], [504.0, 0.5428], [505.0, 0.493], [506.0, 0.4459], [507.0, 0.3996], [508.0, 0.3548], [509.0, 0.3136], [510.0, 0.2747], [511.0, 0.2376], [512.0, 0.2042], [513.0, 0.1747], [514.0, 0.1469], [515.0, 0.1229], [516.0, 0.1015], [517.0, 0.0838], [518.0, 0.0686], [519.0, 0.0553], [520.0, 0.0454], [521.0, 0.0362], [522.0, 0.0307], [523.0, 0.0257], [524.0, 0.0212], [525.0, 0.0178], [526.0, 0.0157], [527.0, 0.0138], [528.0, 0.0122], [529.0, 0.0109], [530.0, 0.0093], [531.0, 0.0083], [532.0, 0.0073], [533.0, 0.0064], [534.0, 0.0059], [535.0, 0.0051], [536.0, 0.0054], [537.0, 0.0052], [538.0, 0.0048], [539.0, 0.0047], [540.0, 0.0044], [541.0, 0.005], [542.0, 0.0056], [543.0, 0.0053], [544.0, 0.0054], [545.0, 0.0053], [546.0, 0.0046], [547.0, 0.0058], [548.0, 0.0057], [549.0, 0.0061], [550.0, 0.0059], [551.0, 0.005], [552.0, 0.0049], [553.0, 0.0043], [554.0, 0.0044], [555.0, 0.0042], [556.0, 0.0044], [557.0, 0.004], [558.0, 0.0046], [559.0, 0.0036], [560.0, 0.0054], [561.0, 0.0043], [562.0, 0.0036], [563.0, 0.0038], [564.0, 0.0036], [565.0, 0.0044], [566.0, 0.005], [567.0, 0.0041], [568.0, 0.0037], [569.0, 0.0034], [570.0, 0.0042], [571.0, 0.0041], [572.0, 0.0047], [573.0, 0.004], [574.0, 0.0041], [575.0, 0.0045], [576.0, 0.0047], [577.0, 0.0053], [578.0, 0.0043], [579.0, 0.0046], [580.0, 0.0038], [581.0, 0.0042], [582.0, 0.0041], [583.0, 0.0038], [584.0, 0.0045], [585.0, 0.0044], [586.0, 0.0041], [587.0, 0.0041], [588.0, 0.0048], [589.0, 0.0042], [590.0, 0.0043], [591.0, 0.0042], [592.0, 0.0038], [593.0, 0.004], [594.0, 0.0047], [595.0, 0.0044], [596.0, 0.0032], [597.0, 0.0034], [598.0, 0.0034], [599.0, 0.0037], [600.0, 0.0036], [601.0, 0.0027], [602.0, 0.0031], [603.0, 0.003], [604.0, 0.0033], [605.0, 0.0031], [606.0, 0.004], [607.0, 0.0039], [608.0, 0.0043], [609.0, 0.0038], [610.0, 0.0047], [611.0, 0.0034], [612.0, 0.0042], [613.0, 0.0038], [614.0, 0.0045], [615.0, 0.0041], [616.0, 0.0038], [617.0, 0.0038], [618.0, 0.0041], [619.0, 0.005], [620.0, 0.0041], [621.0, 0.0044], [622.0, 0.0027], [623.0, 0.0041], [624.0, 0.0028], [625.0, 0.0032], [626.0, 0.0026], [627.0, 0.0035], [628.0, 0.0037], [629.0, 0.0038], [630.0, 0.0041], [631.0, 0.0037], [632.0, 0.0045], [633.0, 0.0032], [634.0, 0.0033], [635.0, 0.003], [636.0, 0.0034], [637.0, 0.0027], [638.0, 0.0023], [639.0, 0.0022], [640.0, 0.0031], [641.0, 0.0022], [642.0, 0.0028], [643.0, 0.0019], [644.0, 0.0023], [645.0, 0.0023], [646.0, 0.002], [647.0, 0.003], [648.0, 0.003], [649.0, 0.0034], [650.0, 0.0043], [651.0, 0.0033], [652.0, 0.0038], [653.0, 0.0031], [654.0, 0.0038], [655.0, 0.0032], [656.0, 0.0035], [657.0, 0.0033], [658.0, 0.0033], [659.0, 0.004], [660.0, 0.0029], [661.0, 0.0029], [662.0, 0.0032], [663.0, 0.0033], [664.0, 0.0033], [665.0, 0.0032], [666.0, 0.0027], [667.0, 0.0019], [668.0, 0.0025], [669.0, 0.0026], [670.0, 0.0034], [671.0, 0.0028], [672.0, 0.0036], [673.0, 0.0041], [674.0, 0.0036], [675.0, 0.003], [676.0, 0.0021], [677.0, 0.001], [678.0, 0.0004], [679.0, 0.0022], [680.0, 0.0009], [681.0, 0.0015], [682.0, 0.0004], [683.0, 0.0007], [684.0, 0.001], [685.0, 0.0013], [686.0, 0.0016], [687.0, 0.0014], [688.0, 0.0018], [689.0, 0.0005], [690.0, 0.0017], [691.0, 0.0004], [692.0, 0.0012], [693.0, 0.0012], [694.0, 0.0002], [695.0, 0.0011], [696.0, 0.0021], [697.0, 0.0022], [698.0, 0.0023], [699.0, 0.0022], [700.0, 0.0017]]",
    "category": "p",
    "subtype": "ex",
    "ph": null,
    "solvent": "",
    "owner_state": 93,
    "owner_dye": null,
    "owner_filter": null,
    "owner_light": null,
    "owner_camera": null,
    "reference": null,
    "source": ""
  }
},
{
  "model": "proteins.spectrum",
  "pk": 18,
  "fields": {
    "created": "2018-05-16T01:41:28.449Z",
    "modified": "2018-07-20T15:32:22.678Z",
    "status": "approved",
    "status_changed": "2024-09-24T13:58:36.998Z",
    "created_by": null,
    "updated_by": null,
    "data": "[[463.0, 0.0027], [464.0, 0.0031], [465.0, 0.0034], [466.0, 0.004], [467.0, 0.0043], [468.0, 0.0051], [469.0, 0.0061], [470.0, 0.0072], [471.0, 0.0086], [472.0, 0.0101], [473.0, 0.0122], [474.0, 0.0151], [475.0, 0.0179], [476.0, 0.022], [477.0, 0.0266], [478.0, 0.0318], [479.0, 0.0384], [480.0, 0.0461], [481.0, 0.055], [482.0, 0.0651], [483.0, 0.0783], [484.0, 0.092], [485.0, 0.109], [486.0, 0.1266], [487.0, 0.148], [488.0, 0.1716], [489.0, 0.1981], [490.0, 0.2267], [491.0, 0.2587], [492.0, 0.2945], [493.0, 0.3315], [494.0, 0.3714], [495.0, 0.4155], [496.0, 0.4598], [497.0, 0.5088], [498.0, 0.5594], [499.0, 0.6104], [500.0, 0.6649], [501.0, 0.7182], [502.0, 0.7666], [503.0, 0.8161], [504.0, 0.8622], [505.0, 0.9027], [506.0, 0.9355], [507.0, 0.9664], [508.0, 0.9877], [509.0, 0.9994], [510.0, 0.9999], [511.0, 1.0], [512.0, 0.9889], [513.0, 0.9696], [514.0, 0.9406], [515.0, 0.906], [516.0, 0.8711], [517.0, 0.8345], [518.0, 0.7934], [519.0, 0.7509], [520.0, 0.7149], [521.0, 0.6802], [522.0, 0.6504], [523.0, 0.6208], [524.0, 0.5966], [525.0, 0.5698], [526.0, 0.547], [527.0, 0.5275], [528.0, 0.5084], [529.0, 0.49], [530.0, 0.4733], [531.0, 0.4636], [532.0, 0.4504], [533.0, 0.4393], [534.0, 0.4296], [535.0, 0.4221], [536.0, 0.4105], [537.0, 0.4014], [538.0, 0.3942], [539.0, 0.3867], [540.0, 0.381], [541.0, 0.3693], [542.0, 0.3621], [543.0, 0.3583], [544.0, 0.3476], [545.0, 0.3393], [546.0, 0.3295], [547.0, 0.3223], [548.0, 0.312], [549.0, 0.3015], [550.0, 0.2908], [551.0, 0.2796], [552.0, 0.2674], [553.0, 0.2564], [554.0, 0.2451], [555.0, 0.2344], [556.0, 0.2243], [557.0, 0.2156], [558.0, 0.2068], [559.0, 0.1957], [560.0, 0.1865], [561.0, 0.1806], [562.0, 0.1706], [563.0, 0.1617], [564.0, 0.1548], [565.0, 0.1485], [566.0, 0.1406], [567.0, 0.1347], [568.0, 0.1283], [569.0, 0.1224], [570.0, 0.1173], [571.0, 0.1143], [572.0, 0.108], [573.0, 0.1041], [574.0, 0.0969], [575.0, 0.0959], [576.0, 0.092], [577.0, 0.0883], [578.0, 0.0843], [579.0, 0.0813], [580.0, 0.0787], [581.0, 0.0759], [582.0, 0.0737], [583.0, 0.0712], [584.0, 0.0687], [585.0, 0.0653], [586.0, 0.0645], [587.0, 0.0633], [588.0, 0.0594], [589.0, 0.0591], [590.0, 0.0558], [591.0, 0.0544], [592.0, 0.053], [593.0, 0.0501], [594.0, 0.0492], [595.0, 0.0472], [596.0, 0.0461], [597.0, 0.0441], [598.0, 0.0417], [599.0, 0.0407], [600.0, 0.0388], [601.0, 0.037], [602.0, 0.0361], [603.0, 0.0356], [604.0, 0.0336], [605.0, 0.0324], [606.0, 0.0325], [607.0, 0.0296], [608.0, 0.0286], [609.0, 0.0279], [610.0, 0.0271], [611.0, 0.0256], [612.0, 0.0252], [613.0, 0.0242], [614.0, 0.0222], [615.0, 0.022], [616.0, 0.0223], [617.0, 0.0208], [618.0, 0.0199], [619.0, 0.019], [620.0, 0.0179], [621.0, 0.0178], [622.0, 0.017], [623.0, 0.0173], [624.0, 0.0155], [625.0, 0.0153], [626.0, 0.0152], [627.0, 0.0147], [628.0, 0.0149], [629.0, 0.0142], [630.0, 0.0134], [631.0, 0.0136], [632.0, 0.0125], [633.0, 0.0125], [634.0, 0.012], [635.0, 0.0118], [636.0, 0.0119], [637.0, 0.0113], [638.0, 0.0111], [639.0, 0.0109], [640.0, 0.0108], [641.0, 0.0104], [642.0, 0.0102], [643.0, 0.0102], [644.0, 0.0096], [645.0, 0.0099], [646.0, 0.0096], [647.0, 0.0087], [648.0, 0.0097], [649.0, 0.0088], [650.0, 0.009], [651.0, 0.0084], [652.0, 0.0081], [653.0, 0.0079], [654.0, 0.0079], [655.0, 0.008], [656.0, 0.0076], [657.0, 0.0076], [658.0, 0.0079], [659.0, 0.008], [660.0, 0.0071], [661.0, 0.0078], [662.0, 0.0075], [663.0, 0.0073], [664.0, 0.0071], [665.0, 0.0073], [666.0, 0.007], [667.0, 0.007], [668.0, 0.0069], [669.0, 0.007], [670.0, 0.0064], [671.0, 0.0068], [672.0, 0.0065], [673.0, 0.0064], [674.0, 0.0065], [675.0, 0.0065], [676.0, 0.0067], [677.0, 0.0067], [678.0, 0.0065], [679.0, 0.0065], [680.0, 0.0064], [681.0, 0.0065], [682.0, 0.0064], [683.0, 0.0071], [684.0, 0.0069], [685.0, 0.0066], [686.0, 0.0068], [687.0, 0.0061], [688.0, 0.0069], [689.0, 0.0061], [690.0, 0.0065], [691.0, 0.006], [692.0, 0.0068], [693.0, 0.0067], [694.0, 0.0063], [695.0, 0.0063], [696.0, 0.0064], [697.0, 0.0067], [698.0, 0.0068], [699.0, 0.0064], [700.0, 0.0064]]",
    "category": "p",
    "subtype": "em",
    "ph": null,
    "solvent": "",
    "owner_state": 93,
    "owner_dye": null,
    "owner_filter": null,
    "owner_light": null,
    "owner_camera": null,
    "reference": null,
    "source": ""
  }
},
{
  "model": "proteins.spectrum",
  "pk": 173,
  "fields": {
    "created": "2018-05-16T01:47:12.999Z",
    "modified": "2018-07-20T15:32:39.940Z",
    "status": "approved",
    "status_changed": "2024-09-24T13:58:36.998Z",
    "created_by": null,
    "updated_by": null,
    "data": "[[610.0, 0.3855], [611.0, 0.3816], [612.0, 0.3792], [613.0, 0.3785], [614.0, 0.3792], [615.0, 0.3867], [616.0, 0.3926], [617.0, 0.3914], [618.0, 0.3896], [619.0, 0.3911], [620.0, 0.3941], [621.0, 0.3984], [622.0, 0.4045], [623.0, 0.414], [624.0, 0.4231], [625.0, 0.4262], [626.0, 0.4269], [627.0, 0.4295], [628.0, 0.4326], [629.0, 0.4353], [630.0, 0.4382], [631.0, 0.4418], [632.0, 0.4433], [633.0, 0.4416], [634.0, 0.4412], [635.0, 0.4445], [636.0, 0.4494], [637.0, 0.4567], [638.0, 0.4636], [639.0, 0.4662], [640.0, 0.4663], [641.0, 0.4651], [642.0, 0.4627], [643.0, 0.4585], [644.0, 0.4564], [645.0, 0.4603], [646.0, 0.4676], [647.0, 0.4773], [648.0, 0.4889], [649.0, 0.5002], [650.0, 0.5098], [651.0, 0.5167], [652.0, 0.5219], [653.0, 0.5255], [654.0, 0.5282], [655.0, 0.5314], [656.0, 0.5342], [657.0, 0.538], [658.0, 0.5412], [659.0, 0.5426], [660.0, 0.5408], [661.0, 0.5362], [662.0, 0.5283], [663.0, 0.5173], [664.0, 0.5039], [665.0, 0.4893], [666.0, 0.4732], [667.0, 0.4572], [668.0, 0.4422], [669.0, 0.4293], [670.0, 0.4169], [671.0, 0.4049], [672.0, 0.3915], [673.0, 0.3752], [674.0, 0.3568], [675.0, 0.3365], [676.0, 0.314], [677.0, 0.2899], [678.0, 0.2661], [679.0, 0.2439], [680.0, 0.2238], [681.0, 0.2066], [682.0, 0.1916], [683.0, 0.1766], [684.0, 0.1626], [685.0, 0.1499], [686.0, 0.1382], [687.0, 0.1262], [688.0, 0.1151], [689.0, 0.1054], [690.0, 0.0966], [691.0, 0.0879], [692.0, 0.0805], [693.0, 0.0743], [694.0, 0.0687], [695.0, 0.0626], [696.0, 0.0572], [697.0, 0.0527], [698.0, 0.0493], [699.0, 0.0467], [700.0, 0.0447], [701.0, 0.0431], [702.0, 0.042], [703.0, 0.0413], [704.0, 0.0411], [705.0, 0.0414], [706.0, 0.042], [707.0, 0.0424], [708.0, 0.0429], [709.0, 0.0436], [710.0, 0.0444], [711.0, 0.045], [712.0, 0.0456], [713.0, 0.046], [714.0, 0.0465], [715.0, 0.0472], [716.0, 0.0482], [717.0, 0.0495], [718.0, 0.0509], [719.0, 0.0525], [720.0, 0.0539], [721.0, 0.0547], [722.0, 0.0552], [723.0, 0.0558], [724.0, 0.0564], [725.0, 0.057], [726.0, 0.0577], [727.0, 0.0586], [728.0, 0.0597], [729.0, 0.0608], [730.0, 0.0621], [731.0, 0.0638], [732.0, 0.0657], [733.0, 0.067], [734.0, 0.0684], [735.0, 0.071], [736.0, 0.0742], [737.0, 0.0769], [738.0, 0.0794], [739.0, 0.0822], [740.0, 0.0848], [741.0, 0.0872], [742.0, 0.09], [743.0, 0.0934], [744.0, 0.0964], [745.0, 0.0988], [746.0, 0.1008], [747.0, 0.1019], [748.0, 0.1031], [749.0, 0.1053], [750.0, 0.1087], [751.0, 0.1144], [752.0, 0.1213], [753.0, 0.1271], [754.0, 0.1314], [755.0, 0.1345], [756.0, 0.1371], [757.0, 0.139], [758.0, 0.142], [759.0, 0.1503], [760.0, 0.1588], [761.0, 0.1623], [762.0, 0.1628], [763.0, 0.1615], [764.0, 0.1584], [765.0, 0.1544], [766.0, 0.1521], [767.0, 0.1539], [768.0, 0.1565], [769.0, 0.1583], [770.0, 0.1609], [771.0, 0.165], [772.0, 0.1695], [773.0, 0.1731], [774.0, 0.176], [775.0, 0.1781], [776.0, 0.1811], [777.0, 0.1865], [778.0, 0.1944], [779.0, 0.2055], [780.0, 0.2168], [781.0, 0.2252], [782.0, 0.2317], [783.0, 0.2367], [784.0, 0.2411], [785.0, 0.2456], [786.0, 0.2504], [787.0, 0.2583], [788.0, 0.2645], [789.0, 0.2633], [790.0, 0.2583], [791.0, 0.2521], [792.0, 0.2473], [793.0, 0.246], [794.0, 0.2503], [795.0, 0.2638], [796.0, 0.2783], [797.0, 0.2861], [798.0, 0.2908], [799.0, 0.294], [800.0, 0.297], [801.0, 0.3035], [802.0, 0.3105], [803.0, 0.3124], [804.0, 0.3104], [805.0, 0.3077], [806.0, 0.3066], [807.0, 0.3063], [808.0, 0.3106], [809.0, 0.326], [810.0, 0.3417], [811.0, 0.3476], [812.0, 0.3505], [813.0, 0.3542], [814.0, 0.356], [815.0, 0.3509], [816.0, 0.3501], [817.0, 0.367], [818.0, 0.3907], [819.0, 0.4132], [820.0, 0.4324], [821.0, 0.4421], [822.0, 0.4429], [823.0, 0.4361], [824.0, 0.4317], [825.0, 0.4361], [826.0, 0.4446], [827.0, 0.4584], [828.0, 0.4722], [829.0, 0.4777], [830.0, 0.4822], [831.0, 0.4926], [832.0, 0.5042], [833.0, 0.5139], [834.0, 0.5223], [835.0, 0.5298], [836.0, 0.5321], [837.0, 0.5254], [838.0, 0.5185], [839.0, 0.5186], [840.0, 0.5225], [841.0, 0.5278], [842.0, 0.5355], [843.0, 0.5483], [844.0, 0.562], [845.0, 0.5695], [846.0, 0.5758], [847.0, 0.5837], [848.0, 0.5933], [849.0, 0.6076], [850.0, 0.6259], [851.0, 0.6464], [852.0, 0.663], [853.0, 0.6694], [854.0, 0.6725], [855.0, 0.6781], [856.0, 0.6884], [857.0, 0.7042], [858.0, 0.7226], [859.0, 0.7442], [860.0, 0.7651], [861.0, 0.7801], [862.0, 0.7923], [863.0, 0.8036], [864.0, 0.8112], [865.0, 0.8147], [866.0, 0.8174], [867.0, 0.8234], [868.0, 0.8281], [869.0, 0.8285], [870.0, 0.8265], [871.0, 0.8234], [872.0, 0.8205], [873.0, 0.822], [874.0, 0.8235], [875.0, 0.8183], [876.0, 0.8091], [877.0, 0.7989], [878.0, 0.7919], [879.0, 0.7929], [880.0, 0.8003], [881.0, 0.8121], [882.0, 0.8208], [883.0, 0.8186], [884.0, 0.815], [885.0, 0.8186], [886.0, 0.8266], [887.0, 0.8338], [888.0, 0.8398], [889.0, 0.8471], [890.0, 0.8538], [891.0, 0.8551], [892.0, 0.8577], [893.0, 0.8685], [894.0, 0.8781], [895.0, 0.8792], [896.0, 0.8798], [897.0, 0.8863], [898.0, 0.8932], [899.0, 0.8986], [900.0, 0.9031], [901.0, 0.9029], [902.0, 0.9002], [903.0, 0.901], [904.0, 0.9051], [905.0, 0.9109], [906.0, 0.9163], [907.0, 0.9201], [908.0, 0.9197], [909.0, 0.9129], [910.0, 0.9077], [911.0, 0.9081], [912.0, 0.9114], [913.0, 0.9184], [914.0, 0.9289], [915.0, 0.9414], [916.0, 0.9551], [917.0, 0.97], [918.0, 0.9813], [919.0, 0.983], [920.0, 0.9804], [921.0, 0.9786], [922.0, 0.9776], [923.0, 0.9794], [924.0, 0.9837], [925.0, 0.9914], [926.0, 0.9977], [927.0, 1.0], [928.0, 0.9997], [929.0, 0.9977], [930.0, 0.9923], [931.0, 0.9844], [932.0, 0.9721], [933.0, 0.9515], [934.0, 0.9286], [935.0, 0.9109], [936.0, 0.8982], [937.0, 0.892], [938.0, 0.8896], [939.0, 0.8879], [940.0, 0.8833], [941.0, 0.8713], [942.0, 0.8594], [943.0, 0.8539], [944.0, 0.8502], [945.0, 0.8439], [946.0, 0.8348], [947.0, 0.8243], [948.0, 0.8124], [949.0, 0.7993], [950.0, 0.7856], [951.0, 0.7704], [952.0, 0.7521], [953.0, 0.7313], [954.0, 0.7127], [955.0, 0.6996], [956.0, 0.6901], [957.0, 0.685], [958.0, 0.6791], [959.0, 0.6672], [960.0, 0.6525], [961.0, 0.637], [962.0, 0.6202], [963.0, 0.6006], [964.0, 0.5822], [965.0, 0.5692], [966.0, 0.5602], [967.0, 0.5556], [968.0, 0.5538], [969.0, 0.5527], [970.0, 0.5488], [971.0, 0.5397], [972.0, 0.527], [973.0, 0.5095], [974.0, 0.4903], [975.0, 0.4722], [976.0, 0.4565], [977.0, 0.446], [978.0, 0.4406], [979.0, 0.4405], [980.0, 0.4411], [981.0, 0.4384], [982.0, 0.432], [983.0, 0.4179], [984.0, 0.4019], [985.0, 0.3903], [986.0, 0.3821], [987.0, 0.3781], [988.0, 0.3749], [989.0, 0.3687], [990.0, 0.3585], [991.0, 0.3442], [992.0, 0.33], [993.0, 0.3186], [994.0, 0.3079], [995.0, 0.2973], [996.0, 0.2853], [997.0, 0.271], [998.0, 0.2568], [999.0, 0.2435], [1000.0, 0.2305], [1001.0, 0.2183], [1002.0, 0.2065], [1003.0, 0.1943], [1004.0, 0.1827], [1005.0, 0.1718], [1006.0, 0.1612], [1007.0, 0.1503], [1008.0, 0.1403], [1009.0, 0.1313], [1010.0, 0.1233], [1011.0, 0.1165], [1012.0, 0.1107], [1013.0, 0.1051], [1014.0, 0.0998], [1015.0, 0.0937], [1016.0, 0.0874], [1017.0, 0.0811], [1018.0, 0.0755], [1019.0, 0.0711], [1020.0, 0.0675], [1021.0, 0.0645], [1022.0, 0.0614], [1023.0, 0.0577], [1024.0, 0.054], [1025.0, 0.0508], [1026.0, 0.0478], [1027.0, 0.045], [1028.0, 0.0423], [1029.0, 0.0395], [1030.0, 0.0366], [1031.0, 0.0337], [1032.0, 0.031], [1033.0, 0.0286], [1034.0, 0.0265], [1035.0, 0.0246], [1036.0, 0.0228], [1037.0, 0.0213], [1038.0, 0.0198], [1039.0, 0.0184], [1040.0, 0.0171], [1041.0, 0.0157], [1042.0, 0.0144], [1043.0, 0.013], [1044.0, 0.0118], [1045.0, 0.0108], [1046.0, 0.01], [1047.0, 0.0091], [1048.0, 0.0084], [1049.0, 0.0076], [1050.0, 0.007], [1051.0, 0.0063], [1052.0, 0.0058], [1053.0, 0.0053], [1054.0, 0.0048], [1055.0, 0.0045], [1056.0, 0.0041], [1057.0, 0.0038], [1058.0, 0.0034], [1059.0, 0.0031], [1060.0, 0.0028], [1061.0, 0.0026], [1062.0, 0.0025], [1063.0, 0.0025], [1064.0, 0.0025], [1065.0, 0.0023], [1066.0, 0.0022], [1067.0, 0.0022], [1068.0, 0.0023], [1069.0, 0.0023], [1070.0, 0.0023], [1071.0, 0.0023], [1072.0, 0.0022], [1073.0, 0.0019], [1074.0, 0.0017], [1075.0, 0.0015], [1076.0, 0.0013], [1077.0, 0.0012], [1078.0, 0.0011], [1079.0, 0.0012], [1080.0, 0.0012], [1081.0, 0.0013], [1082.0, 0.0013], [1083.0, 0.0012], [1084.0, 0.0012], [1085.0, 0.0012], [1086.0, 0.0013], [1087.0, 0.0015], [1088.0, 0.0017], [1089.0, 0.0018], [1090.0, 0.002], [1091.0, 0.0026], [1092.0, 0.003], [1093.0, 0.0036], [1094.0, 0.0042], [1095.0, 0.0048]]",
    "category": "p",
    "subtype": "2p",
    "ph": null,
    "solvent": "",
    "owner_state": 93,
    "owner_dye": null,
    "owner_filter": null,
    "owner_light": null,
    "owner_camera": null,
    "reference": null,
    "source": ""
  }
},
{
  "model": "references.reference",
  "pk": 66,
  "fields": {
    "created": "2018-02-12T01:19:43.147Z",
    "modified": "2018-12-06T23:35:56.606Z",
    "doi": "10.1016/0378-1119(95)00685-0",
    "pmid": null,
    "title": "FACS-optimized mutants of the green fluorescent protein (GFP)",
    "journal": "Gene",
    "pages": "33-38",
    "volume": "173",
    "issue": "1",
    "firstauthor": "",
    "citation": "Cormack et al. (1996)",
    "date": "1996-01-01",
    "year": 1996,
    "summary": "",
    "created_by": null,
    "updated_by": null
  }
},
{
  "model": "references.reference",
  "pk": 422,
  "fields": {
    "created": "2018-12-09T22:45:23.360Z",
    "modified": "2018-12-09T22:45:23.906Z",
    "doi": "10.1006/bbrc.1996.1573",
    "pmid": "8885998",
    "title": "An Enhanced Green Fluorescent Protein Allows Sensitive Detection of Gene Transfer in Mammalian Cells",
    "journal": "Biochemical and Biophysical Research Communications",
    "pages": "707-711",
    "volume": "227",
    "issue": "3",
    "firstauthor": "Zhang",
    "citation": "Zhang et al. (1996)",
    "date": "1996-10-01",
    "year": 1996,
    "summary": "",
    "created_by": null,
    "updated_by": null
  }
},
{
  "model": "references.reference",
  "pk": 67,
  "fields": {
    "created": "2018-02-12T01:19:43.603Z",
    "modified": "2018-12-06T23:35:56.495Z",
    "doi": "10.1093/nar/24.22.4592",
    "pmid": null,
    "title": "Optimized Codon Usage and Chromophore Mutations Provide Enhanced Sensitivity with the Green Fluorescent Protein",
    "journal": "Nucleic Acids Research",
    "pages": "4592-4593",
    "volume": "24",
    "issue": "22",
    "firstauthor": "",
    "citation": "Yang et al. (1996)",
    "date": "1996-11-01",
    "year": 1996,
    "summary": "",
    "created_by": null,
    "updated_by": null
  }
},
{
  "model": "references.reference",
  "pk": 62,
  "fields": {
    "created": "2018-02-12T01:19:41.163Z",
    "modified": "2018-12-06T23:35:52.981Z",
    "doi": "10.1016/s0006-3495(97)78307-3",
    "pmid": null,
    "title": "Use of the green fluorescent protein and its mutants in quantitative fluorescence microscopy",
    "journal": "Biophysical Journal",
    "pages": "2782-2790",
    "volume": "73",
    "issue": "5",
    "firstauthor": "",
    "citation": "Patterson et al. (1997)",
    "date": "1997-11-01",
    "year": 1997,
    "summary": "",
    "created_by": null,
    "updated_by": null
  }
},
{
  "model": "references.reference",
  "pk": 22,
  "fields": {
    "created": "2018-02-12T01:19:11.516Z",
    "modified": "2018-12-06T23:35:49.746Z",
    "doi": "10.1016/s0091-679x(08)61946-9",
    "pmid": null,
    "title": "Chapter 2: Understanding Structure—Function Relationships in the Aequorea victoria Green Fluorescent Protein",
    "journal": "Methods in Cell Biology",
    "pages": "19-30",
    "volume": "",
    "issue": "",
    "firstauthor": "",
    "citation": "Cubitt et al. (1998)",
    "date": "1998-01-01",
    "year": 1998,
    "summary": "",
    "created_by": null,
    "updated_by": null
  }
},
{
  "model": "references.reference",
  "pk": 256,
  "fields": {
    "created": "2018-09-29T17:42:58.208Z",
    "modified": "2018-12-06T23:36:17.565Z",
    "doi": "10.1146/annurev.biochem.67.1.509",
    "pmid": "9759496",
    "title": "THE GREEN FLUORESCENT PROTEIN",
    "journal": "Annual Review of Biochemistry",
    "pages": "509-544",
    "volume": "67",
    "issue": "1",
    "firstauthor": "Tsien",
    "citation": "Tsien (1998)",
    "date": "1998-06-01",
    "year": 1998,
    "summary": "",
    "created_by": null,
    "updated_by": null
  }
},
{
  "model": "references.reference",
  "pk": 69,
  "fields": {
    "created": "2018-02-12T01:19:44.908Z",
    "modified": "2018-12-06T23:35:56.727Z",
    "doi": "10.1016/s0301-0104(01)00486-4",
    "pmid": null,
    "title": "Multiphoton molecular spectroscopy and excited-state dynamics of enhanced green fluorescent protein (EGFP): acid–base specificity",
    "journal": "Chemical Physics",
    "pages": "37-55",
    "volume": "274",
    "issue": "1",
    "firstauthor": "",
    "citation": "Heikal et al. (2001)",
    "date": "2001-12-01",
    "year": 2001,
    "summary": "",
    "created_by": null,
    "updated_by": null
  }
},
{
  "model": "references.reference",
  "pk": 237,
  "fields": {
    "created": "2018-05-16T01:46:58.531Z",
    "modified": "2018-12-06T23:36:15.129Z",
    "doi": "10.1038/nmeth.1596",
    "pmid": "21527931",
    "title": "Two-photon absorption properties of fluorescent proteins",
    "journal": "Nature Methods",
    "pages": "393-399",
    "volume": "8",
    "issue": "5",
    "firstauthor": "Drobizhev",
    "citation": "Drobizhev et al. (2011)",
    "date": "2011-04-28",
    "year": 2011,
    "summary": "",
    "created_by": null,
    "updated_by": null
  }
},
{
  "model": "references.reference",
  "pk": 70,
  "fields": {
    "created": "2018-02-12T01:19:45.225Z",
    "modified": "2018-12-06T23:35:59.584Z",
    "doi": "10.1371/journal.pone.0047132",
    "pmid": "23077555",
    "title": "Crystal Structure of Enhanced Green Fluorescent Protein to 1.35 Å Resolution Reveals Alternative Conformations for Glu222",
    "journal": "PLoS ONE",
    "pages": "e47132",
    "volume": "7",
    "issue": "10",
    "firstauthor": "",
    "citation": "Arpino et al. (2012)",
    "date": "2012-10-16",
    "year": 2012,
    "summary": "",
    "created_by": null,
    "updated_by": null
  }
},
{
  "model": "references.reference",
  "pk": 68,
  "fields": {
    "created": "2018-02-12T01:19:44.303Z",
    "modified": "2018-12-06T23:36:00.042Z",
    "doi": "10.1016/j.bpj.2015.06.018",
    "pmid": "26200874",
    "title": "Green Fluorescent Protein with Anionic Tryptophan-Based Chromophore and Long Fluorescence Lifetime",
    "journal": "Biophysical Journal",
    "pages": "380-389",
    "volume": "109",
    "issue": "2",
    "firstauthor": "",
    "citation": "Sarkisyan et al. (2015)",
    "date": "2015-07-01",
    "year": 2015,
    "summary": "",
    "created_by": null,
    "updated_by": null
  }
},
{
  "model": "references.reference",
  "pk": 234,
  "fields": {
    "created": "2018-03-07T17:54:09.915Z",
    "modified": "2018-12-06T23:36:16.057Z",
    "doi": "10.1021/acs.jpclett.7b00960",
    "pmid": "28530831",
    "title": "Blue-Shifted Green Fluorescent Protein Homologues Are Brighter than Enhanced Green Fluorescent Protein under Two-Photon Excitation",
    "journal": "The Journal of Physical Chemistry Letters",
    "pages": "2548-2554",
    "volume": "8",
    "issue": "12",
    "firstauthor": "",
    "citation": "Molina et al. (2017)",
    "date": "2017-05-25",
    "year": 2017,
    "summary": "",
    "created_by": null,
    "updated_by": null
  }
},
{
  "model": "references.reference",
  "pk": 650,
  "fields": {
    "created": "2021-02-05T14:10:35.752Z",
    "modified": "2021-02-05T14:10:35.752Z",
    "doi": "10.1073/pnas.2017379117",
    "pmid": "33273123",
    "title": "Directionality of light absorption and emission in representative fluorescent proteins",
    "journal": "Proceedings of the National Academy of Sciences",
    "pages": "32395-32401",
    "volume": "117",
    "issue": "51",
    "firstauthor": "Myšková",
    "citation": "Myšková et al. (2020)",
    "date": "2020-12-03",
    "year": 2020,
    "summary": "",
    "created_by": null,
    "updated_by": null
  }
},
{
  "model": "proteins.organism",
  "pk": 6100,
  "fields": {
    "created": "2018-02-12T01:19:10.621Z",
    "modified": "2018-02-12T01:19:10.771Z",
    "created_by": null,
    "updated_by": null,
    "scientific_name": "Aequorea victoria",
    "division": "hydrozoans",
    "common_name": "",
    "species": "victoria",
    "genus": "Aequorea",
    "rank": "species"
  }
},
{
  "model": "proteins.protein",
  "pk": 352,
  "fields": {
    "created": "2018-02-12T01:21:15.122Z",
    "modified": "2025-10-28T23:30:06.984Z",
    "status": "pending",
    "status_changed": "2024-09-01T09:18:14.952Z",
    "created_by": 1,
    "updated_by": 1,
    "uuid": "ZERB6",
    "name": "mCherry",
    "slug": "mcherry",
    "base_name": "Cherry",
    "aliases": "[]",
    "chromophore": "",
    "seq_validated": true,
    "seq": "MVSKGEEDNMAIIKEFMRFKVHMEGSVNGHEFEIEGEGEGRPYEGTQTAKLKVTKGGPLPFAWDILSPQFMYGSKAYVKHPADIPDYLKLSFPEGFKWERVMNFEDGGVVTVTQDSSLQDGEFIYKVKLRGTNFPSDGPVMQKKTMGWEASSERMYPEDGALKGEIKQRLKLKDGGHYDAEVKTTYKAKKPVQLPGAYNVNIKLDITSHNEDYTIVEQYERAEGRHSTGGMDELYK",
    "seq_comment": "",
    "pdb": "[\"2H5Q\"]",
    "genbank": "AAV52164",
    "uniprot": "X5DSL3",
    "ipg_id": "3838123",
    "mw": null,
    "agg": "m",
    "oser": null,
    "switch_type": "b",
    "blurb": "",
    "cofactor": "",
    "parent_organism": 86600,
    "primary_reference": 48,
    "default_state": 336,
    "references": [
      48,
      180,
      125,
      237,
      558,
      245,
      235,
      250,
      711,
      639,
      650,
      1012,
      2134,
      2365
    ]
  }
},
{
  "model": "proteins.state",
  "pk": 336,
  "fields": {
    "created": "2018-02-12T01:21:15.737Z",
    "modified": "2018-12-06T14:38:48.220Z",
    "created_by": null,
    "updated_by": null,
    "slug": "mcherry_default",
    "ex_max": 587,
    "em_max": 610,
    "twop_ex_max": 1086,
    "ext_coeff": 72000,
    "twop_peakGM": 27.5622964415584,
    "qy": 0.22,
    "twop_qy": null,
    "brightness": 15.84,
    "pka": 4.5,
    "lifetime": 1.4,
    "emhex": "#f70000",
    "exhex": "#ff4600",
    "is_dark": false,
    "name": "default",
    "maturation": 15.0,
    "protein": 352
  }
},
{
  "model": "proteins.spectrum",
  "pk": 79,
  "fields": {
    "created": "2018-05-16T01:41:30.422Z",
    "modified": "2018-07-20T15:32:30.382Z",
    "status": "approved",
    "status_changed": "2024-09-24T13:58:36.998Z",
    "created_by": null,
    "updated_by": null,
    "data": "[[300.0, 0.132], [301.0, 0.1175], [302.0, 0.1063], [303.0, 0.1037], [304.0, 0.1302], [305.0, 0.1633], [306.0, 0.1609], [307.0, 0.1095], [308.0, 0.0673], [309.0, 0.0573], [310.0, 0.055], [311.0, 0.0545], [312.0, 0.0542], [313.0, 0.0546], [314.0, 0.0545], [315.0, 0.0561], [316.0, 0.0584], [317.0, 0.0604], [318.0, 0.0629], [319.0, 0.0662], [320.0, 0.0709], [321.0, 0.0754], [322.0, 0.0812], [323.0, 0.0865], [324.0, 0.0916], [325.0, 0.0982], [326.0, 0.1039], [327.0, 0.1084], [328.0, 0.115], [329.0, 0.1193], [330.0, 0.1241], [331.0, 0.1286], [332.0, 0.1336], [333.0, 0.1385], [334.0, 0.1438], [335.0, 0.1512], [336.0, 0.1593], [337.0, 0.1694], [338.0, 0.1784], [339.0, 0.1912], [340.0, 0.2001], [341.0, 0.2125], [342.0, 0.2203], [343.0, 0.2265], [344.0, 0.2284], [345.0, 0.2248], [346.0, 0.2165], [347.0, 0.2068], [348.0, 0.1936], [349.0, 0.1813], [350.0, 0.1695], [351.0, 0.1576], [352.0, 0.1503], [353.0, 0.1413], [354.0, 0.136], [355.0, 0.1317], [356.0, 0.1287], [357.0, 0.1265], [358.0, 0.125], [359.0, 0.1236], [360.0, 0.1234], [361.0, 0.1226], [362.0, 0.1223], [363.0, 0.122], [364.0, 0.1214], [365.0, 0.1199], [366.0, 0.12], [367.0, 0.1186], [368.0, 0.1179], [369.0, 0.1156], [370.0, 0.1148], [371.0, 0.1141], [372.0, 0.1121], [373.0, 0.1109], [374.0, 0.1087], [375.0, 0.1052], [376.0, 0.1029], [377.0, 0.1004], [378.0, 0.0975], [379.0, 0.0941], [380.0, 0.0904], [381.0, 0.0868], [382.0, 0.0824], [383.0, 0.0789], [384.0, 0.076], [385.0, 0.0714], [386.0, 0.0672], [387.0, 0.0644], [388.0, 0.0604], [389.0, 0.0571], [390.0, 0.0551], [391.0, 0.0525], [392.0, 0.0498], [393.0, 0.0464], [394.0, 0.0449], [395.0, 0.0424], [396.0, 0.0403], [397.0, 0.0386], [398.0, 0.036], [399.0, 0.0334], [400.0, 0.0313], [401.0, 0.029], [402.0, 0.0267], [403.0, 0.0245], [404.0, 0.0216], [405.0, 0.0198], [406.0, 0.0174], [407.0, 0.0156], [408.0, 0.0132], [409.0, 0.0119], [410.0, 0.01], [411.0, 0.0086], [412.0, 0.0074], [413.0, 0.0065], [414.0, 0.0057], [415.0, 0.0049], [416.0, 0.0043], [417.0, 0.0037], [418.0, 0.0035], [419.0, 0.0032], [420.0, 0.003], [421.0, 0.0028], [422.0, 0.0028], [423.0, 0.0028], [424.0, 0.0029], [425.0, 0.0029], [426.0, 0.003], [427.0, 0.0032], [428.0, 0.0032], [429.0, 0.0033], [430.0, 0.0037], [431.0, 0.0039], [432.0, 0.0038], [433.0, 0.0042], [434.0, 0.0046], [435.0, 0.0049], [436.0, 0.0051], [437.0, 0.0053], [438.0, 0.0058], [439.0, 0.006], [440.0, 0.0064], [441.0, 0.0067], [442.0, 0.0071], [443.0, 0.0075], [444.0, 0.008], [445.0, 0.0085], [446.0, 0.0089], [447.0, 0.0097], [448.0, 0.0101], [449.0, 0.0109], [450.0, 0.0115], [451.0, 0.0122], [452.0, 0.013], [453.0, 0.0139], [454.0, 0.0147], [455.0, 0.0157], [456.0, 0.0163], [457.0, 0.0175], [458.0, 0.0182], [459.0, 0.0198], [460.0, 0.0206], [461.0, 0.0222], [462.0, 0.0231], [463.0, 0.0246], [464.0, 0.0254], [465.0, 0.0275], [466.0, 0.0289], [467.0, 0.0299], [468.0, 0.031], [469.0, 0.0328], [470.0, 0.0341], [471.0, 0.0356], [472.0, 0.0377], [473.0, 0.0389], [474.0, 0.0405], [475.0, 0.0424], [476.0, 0.0444], [477.0, 0.0463], [478.0, 0.0492], [479.0, 0.0504], [480.0, 0.053], [481.0, 0.0556], [482.0, 0.0581], [483.0, 0.061], [484.0, 0.0633], [485.0, 0.0663], [486.0, 0.0694], [487.0, 0.0726], [488.0, 0.0762], [489.0, 0.0808], [490.0, 0.0841], [491.0, 0.0886], [492.0, 0.0928], [493.0, 0.0971], [494.0, 0.1007], [495.0, 0.1065], [496.0, 0.1115], [497.0, 0.117], [498.0, 0.1222], [499.0, 0.1267], [500.0, 0.1327], [501.0, 0.1372], [502.0, 0.1421], [503.0, 0.1481], [504.0, 0.1524], [505.0, 0.1586], [506.0, 0.1642], [507.0, 0.1688], [508.0, 0.175], [509.0, 0.1801], [510.0, 0.1866], [511.0, 0.1908], [512.0, 0.1981], [513.0, 0.2036], [514.0, 0.2089], [515.0, 0.2168], [516.0, 0.2247], [517.0, 0.2324], [518.0, 0.2392], [519.0, 0.248], [520.0, 0.257], [521.0, 0.2662], [522.0, 0.2754], [523.0, 0.2838], [524.0, 0.2957], [525.0, 0.3065], [526.0, 0.3204], [527.0, 0.3308], [528.0, 0.3455], [529.0, 0.3558], [530.0, 0.3726], [531.0, 0.3834], [532.0, 0.4003], [533.0, 0.4139], [534.0, 0.4289], [535.0, 0.4424], [536.0, 0.4568], [537.0, 0.4722], [538.0, 0.4847], [539.0, 0.496], [540.0, 0.507], [541.0, 0.5191], [542.0, 0.5262], [543.0, 0.5352], [544.0, 0.5462], [545.0, 0.5528], [546.0, 0.5555], [547.0, 0.5656], [548.0, 0.5695], [549.0, 0.5751], [550.0, 0.5784], [551.0, 0.583], [552.0, 0.5866], [553.0, 0.5879], [554.0, 0.5941], [555.0, 0.5994], [556.0, 0.6041], [557.0, 0.6094], [558.0, 0.6154], [559.0, 0.6225], [560.0, 0.6293], [561.0, 0.6394], [562.0, 0.6473], [563.0, 0.6545], [564.0, 0.6693], [565.0, 0.6807], [566.0, 0.6918], [567.0, 0.703], [568.0, 0.7201], [569.0, 0.733], [570.0, 0.7505], [571.0, 0.77], [572.0, 0.7918], [573.0, 0.8068], [574.0, 0.8215], [575.0, 0.8447], [576.0, 0.8588], [577.0, 0.8829], [578.0, 0.9037], [579.0, 0.9207], [580.0, 0.9414], [581.0, 0.9552], [582.0, 0.9673], [583.0, 0.9837], [584.0, 0.9925], [585.0, 0.9954], [586.0, 0.9964], [587.0, 1.0], [588.0, 0.9922], [589.0, 0.9835], [590.0, 0.9711], [591.0, 0.9455], [592.0, 0.925], [593.0, 0.9009], [594.0, 0.8668], [595.0, 0.8361], [596.0, 0.799], [597.0, 0.7629], [598.0, 0.7237], [599.0, 0.6819], [600.0, 0.6389], [601.0, 0.6011], [602.0, 0.5572], [603.0, 0.5117], [604.0, 0.4703], [605.0, 0.4303], [606.0, 0.3928], [607.0, 0.3558], [608.0, 0.3193], [609.0, 0.2877], [610.0, 0.2586], [611.0, 0.2338], [612.0, 0.2094], [613.0, 0.1834], [614.0, 0.1619], [615.0, 0.1401], [616.0, 0.1215], [617.0, 0.1066], [618.0, 0.0921], [619.0, 0.0798], [620.0, 0.0701], [621.0, 0.0611], [622.0, 0.0521], [623.0, 0.0455], [624.0, 0.0407], [625.0, 0.0347], [626.0, 0.0311], [627.0, 0.0263], [628.0, 0.0229], [629.0, 0.0201], [630.0, 0.0172], [631.0, 0.015], [632.0, 0.0138], [633.0, 0.0117], [634.0, 0.0099], [635.0, 0.0086], [636.0, 0.0078], [637.0, 0.0067], [638.0, 0.0061], [639.0, 0.0051], [640.0, 0.0043], [641.0, 0.0036], [642.0, 0.0035], [643.0, 0.0032], [644.0, 0.0028], [645.0, 0.0024], [646.0, 0.002], [647.0, 0.0018], [648.0, 0.0018], [649.0, 0.0015], [650.0, 0.0012]]",
    "category": "p",
    "subtype": "ex",
    "ph": null,
    "solvent": "",
    "owner_state": 336,
    "owner_dye": null,
    "owner_filter": null,
    "owner_light": null,
    "owner_camera": null,
    "reference": null,
    "source": ""
  }
},
{
  "model": "proteins.spectrum",
  "pk": 80,
  "fields": {
    "created": "2018-05-16T01:41:30.459Z",
    "modified": "2018-07-20T15:32:30.458Z",
    "status": "approved",
    "status_changed": "2024-09-24T13:58:36.998Z",
    "created_by": null,
    "updated_by": null,
    "data": "[[550.0, 0.0012], [551.0, 0.0014], [552.0, 0.0015], [553.0, 0.0019], [554.0, 0.0023], [555.0, 0.0026], [556.0, 0.0033], [557.0, 0.0039], [558.0, 0.0045], [559.0, 0.0052], [560.0, 0.0063], [561.0, 0.0087], [562.0, 0.0157], [563.0, 0.0253], [564.0, 0.0291], [565.0, 0.0258], [566.0, 0.0201], [567.0, 0.0193], [568.0, 0.0225], [569.0, 0.0256], [570.0, 0.0298], [571.0, 0.0345], [572.0, 0.0416], [573.0, 0.0479], [574.0, 0.0552], [575.0, 0.0654], [576.0, 0.0752], [577.0, 0.0894], [578.0, 0.1022], [579.0, 0.1189], [580.0, 0.1376], [581.0, 0.1595], [582.0, 0.1831], [583.0, 0.2111], [584.0, 0.2366], [585.0, 0.2654], [586.0, 0.2974], [587.0, 0.3349], [588.0, 0.3687], [589.0, 0.4057], [590.0, 0.447], [591.0, 0.488], [592.0, 0.5307], [593.0, 0.5715], [594.0, 0.6128], [595.0, 0.655], [596.0, 0.6917], [597.0, 0.7327], [598.0, 0.7667], [599.0, 0.8078], [600.0, 0.8388], [601.0, 0.8688], [602.0, 0.8957], [603.0, 0.9197], [604.0, 0.9368], [605.0, 0.9605], [606.0, 0.9738], [607.0, 0.9799], [608.0, 0.9889], [609.0, 0.9956], [610.0, 1.0], [611.0, 0.9905], [612.0, 0.9909], [613.0, 0.9757], [614.0, 0.968], [615.0, 0.9553], [616.0, 0.9425], [617.0, 0.931], [618.0, 0.9031], [619.0, 0.8924], [620.0, 0.8709], [621.0, 0.8518], [622.0, 0.8305], [623.0, 0.8119], [624.0, 0.795], [625.0, 0.7723], [626.0, 0.7536], [627.0, 0.7389], [628.0, 0.7192], [629.0, 0.7064], [630.0, 0.6904], [631.0, 0.6737], [632.0, 0.662], [633.0, 0.65], [634.0, 0.6335], [635.0, 0.6157], [636.0, 0.6053], [637.0, 0.5957], [638.0, 0.5824], [639.0, 0.5763], [640.0, 0.5621], [641.0, 0.554], [642.0, 0.5428], [643.0, 0.538], [644.0, 0.5349], [645.0, 0.5214], [646.0, 0.514], [647.0, 0.5032], [648.0, 0.4991], [649.0, 0.4887], [650.0, 0.4834], [651.0, 0.4766], [652.0, 0.4707], [653.0, 0.4618], [654.0, 0.4554], [655.0, 0.4517], [656.0, 0.4402], [657.0, 0.4328], [658.0, 0.4226], [659.0, 0.416], [660.0, 0.4128], [661.0, 0.4062], [662.0, 0.4], [663.0, 0.3916], [664.0, 0.3858], [665.0, 0.3782], [666.0, 0.3705], [667.0, 0.3646], [668.0, 0.359], [669.0, 0.354], [670.0, 0.3502], [671.0, 0.3396], [672.0, 0.3364], [673.0, 0.3293], [674.0, 0.3201], [675.0, 0.314], [676.0, 0.3091], [677.0, 0.3047], [678.0, 0.2968], [679.0, 0.2864], [680.0, 0.2786], [681.0, 0.2757], [682.0, 0.2675], [683.0, 0.2602], [684.0, 0.252], [685.0, 0.2466], [686.0, 0.2398], [687.0, 0.2325], [688.0, 0.2308], [689.0, 0.225], [690.0, 0.2166], [691.0, 0.2064], [692.0, 0.2065], [693.0, 0.1977], [694.0, 0.1952], [695.0, 0.1903], [696.0, 0.1848], [697.0, 0.1801], [698.0, 0.1755], [699.0, 0.1694], [700.0, 0.1665], [701.0, 0.1631], [702.0, 0.1579], [703.0, 0.1538], [704.0, 0.1487], [705.0, 0.1451], [706.0, 0.1425], [707.0, 0.1417], [708.0, 0.1361], [709.0, 0.1354], [710.0, 0.1284], [711.0, 0.1258], [712.0, 0.1245], [713.0, 0.1219], [714.0, 0.1196], [715.0, 0.1157], [716.0, 0.1112], [717.0, 0.1096], [718.0, 0.1064], [719.0, 0.1044], [720.0, 0.1018], [721.0, 0.0996], [722.0, 0.0968], [723.0, 0.096], [724.0, 0.0942], [725.0, 0.0921], [726.0, 0.0888], [727.0, 0.0874], [728.0, 0.0862], [729.0, 0.0829], [730.0, 0.0814], [731.0, 0.0791], [732.0, 0.077], [733.0, 0.078], [734.0, 0.0728], [735.0, 0.0748], [736.0, 0.0709], [737.0, 0.0733], [738.0, 0.0682], [739.0, 0.0666], [740.0, 0.0664], [741.0, 0.0663], [742.0, 0.0612], [743.0, 0.0628], [744.0, 0.0603], [745.0, 0.0606], [746.0, 0.0569], [747.0, 0.0558], [748.0, 0.056], [749.0, 0.0559], [750.0, 0.0536], [751.0, 0.0513], [752.0, 0.0523], [753.0, 0.05], [754.0, 0.0496], [755.0, 0.048], [756.0, 0.0454], [757.0, 0.0456], [758.0, 0.0437], [759.0, 0.0434], [760.0, 0.0403], [761.0, 0.0414], [762.0, 0.0398], [763.0, 0.0401], [764.0, 0.0395], [765.0, 0.0359], [766.0, 0.038], [767.0, 0.0368], [768.0, 0.0339], [769.0, 0.0335], [770.0, 0.0336], [771.0, 0.0329], [772.0, 0.0324], [773.0, 0.0307], [774.0, 0.0305], [775.0, 0.0295], [776.0, 0.03], [777.0, 0.0295], [778.0, 0.0273], [779.0, 0.0263], [780.0, 0.027], [781.0, 0.0253], [782.0, 0.025], [783.0, 0.0264], [784.0, 0.0245], [785.0, 0.024], [786.0, 0.0234], [787.0, 0.0218], [788.0, 0.0216], [789.0, 0.0217], [790.0, 0.0199], [791.0, 0.0211], [792.0, 0.02], [793.0, 0.0196], [794.0, 0.0178], [795.0, 0.0175], [796.0, 0.0199], [797.0, 0.0183], [798.0, 0.0166], [799.0, 0.0163], [800.0, 0.0167]]",
    "category": "p",
    "subtype": "em",
    "ph": null,
    "solvent": "",
    "owner_state": 336,
    "owner_dye": null,
    "owner_filter": null,
    "owner_light": null,
    "owner_camera": null,
    "reference": null,
    "source": ""
  }
},
{
  "model": "proteins.spectrum",
  "pk": 158,
  "fields": {
    "created": "2018-05-16T01:47:01.764Z",
    "modified": "2018-07-20T15:32:38.693Z",
    "status": "approved",
    "status_changed": "2024-09-24T13:58:36.998Z",
    "created_by": null,
    "updated_by": null,
    "data": "[[740.0, 3.6957], [741.0, 3.6084], [742.0, 3.5259], [743.0, 3.4483], [744.0, 3.3756], [745.0, 3.3028], [746.0, 3.2388], [747.0, 3.1954], [748.0, 3.1606], [749.0, 3.1235], [750.0, 3.0808], [751.0, 3.0174], [752.0, 2.9458], [753.0, 2.8849], [754.0, 2.8382], [755.0, 2.8044], [756.0, 2.7736], [757.0, 2.7427], [758.0, 2.7019], [759.0, 2.6378], [760.0, 2.5744], [761.0, 2.5316], [762.0, 2.4913], [763.0, 2.4443], [764.0, 2.3939], [765.0, 2.3384], [766.0, 2.2784], [767.0, 2.2193], [768.0, 2.1628], [769.0, 2.1064], [770.0, 2.0493], [771.0, 1.9958], [772.0, 1.9424], [773.0, 1.8843], [774.0, 1.8267], [775.0, 1.7705], [776.0, 1.7134], [777.0, 1.6535], [778.0, 1.6019], [779.0, 1.5692], [780.0, 1.5445], [781.0, 1.5136], [782.0, 1.4813], [783.0, 1.4498], [784.0, 1.4248], [785.0, 1.4118], [786.0, 1.4077], [787.0, 1.4102], [788.0, 1.4038], [789.0, 1.3786], [790.0, 1.3393], [791.0, 1.2849], [792.0, 1.2224], [793.0, 1.1613], [794.0, 1.1015], [795.0, 1.0485], [796.0, 1.001], [797.0, 0.9571], [798.0, 0.9129], [799.0, 0.8664], [800.0, 0.8196], [801.0, 0.7713], [802.0, 0.7243], [803.0, 0.6816], [804.0, 0.64], [805.0, 0.597], [806.0, 0.5548], [807.0, 0.513], [808.0, 0.4712], [809.0, 0.4283], [810.0, 0.3879], [811.0, 0.3514], [812.0, 0.3195], [813.0, 0.2917], [814.0, 0.2679], [815.0, 0.2464], [816.0, 0.228], [817.0, 0.2115], [818.0, 0.197], [819.0, 0.1831], [820.0, 0.1702], [821.0, 0.1576], [822.0, 0.146], [823.0, 0.1346], [824.0, 0.1239], [825.0, 0.1138], [826.0, 0.1045], [827.0, 0.0959], [828.0, 0.0884], [829.0, 0.0819], [830.0, 0.0761], [831.0, 0.0706], [832.0, 0.0657], [833.0, 0.061], [834.0, 0.0568], [835.0, 0.0529], [836.0, 0.0493], [837.0, 0.0458], [838.0, 0.0427], [839.0, 0.0399], [840.0, 0.0374], [841.0, 0.0349], [842.0, 0.0327], [843.0, 0.0307], [844.0, 0.029], [845.0, 0.0277], [846.0, 0.0266], [847.0, 0.0255], [848.0, 0.0245], [849.0, 0.0234], [850.0, 0.0224], [851.0, 0.0216], [852.0, 0.0208], [853.0, 0.0201], [854.0, 0.0194], [855.0, 0.0187], [856.0, 0.0182], [857.0, 0.0178], [858.0, 0.0176], [859.0, 0.0174], [860.0, 0.0173], [861.0, 0.0173], [862.0, 0.0173], [863.0, 0.0174], [864.0, 0.0175], [865.0, 0.0177], [866.0, 0.0179], [867.0, 0.0181], [868.0, 0.0184], [869.0, 0.0186], [870.0, 0.0188], [871.0, 0.0189], [872.0, 0.0189], [873.0, 0.019], [874.0, 0.0191], [875.0, 0.0193], [876.0, 0.0194], [877.0, 0.0196], [878.0, 0.0197], [879.0, 0.0198], [880.0, 0.0199], [881.0, 0.0202], [882.0, 0.0205], [883.0, 0.0209], [884.0, 0.0212], [885.0, 0.0216], [886.0, 0.0219], [887.0, 0.0223], [888.0, 0.0227], [889.0, 0.0232], [890.0, 0.0238], [891.0, 0.0244], [892.0, 0.025], [893.0, 0.0256], [894.0, 0.0262], [895.0, 0.0268], [896.0, 0.0274], [897.0, 0.0281], [898.0, 0.0288], [899.0, 0.0298], [900.0, 0.0308], [901.0, 0.0316], [902.0, 0.0323], [903.0, 0.0331], [904.0, 0.0339], [905.0, 0.0348], [906.0, 0.0356], [907.0, 0.0367], [908.0, 0.0378], [909.0, 0.0388], [910.0, 0.0396], [911.0, 0.0405], [912.0, 0.0414], [913.0, 0.0425], [914.0, 0.0438], [915.0, 0.045], [916.0, 0.0462], [917.0, 0.0476], [918.0, 0.049], [919.0, 0.0501], [920.0, 0.0513], [921.0, 0.0525], [922.0, 0.0537], [923.0, 0.0546], [924.0, 0.0555], [925.0, 0.0568], [926.0, 0.0583], [927.0, 0.0596], [928.0, 0.0609], [929.0, 0.0625], [930.0, 0.064], [931.0, 0.0654], [932.0, 0.0668], [933.0, 0.0683], [934.0, 0.0697], [935.0, 0.0709], [936.0, 0.0719], [937.0, 0.0728], [938.0, 0.0738], [939.0, 0.0749], [940.0, 0.0763], [941.0, 0.0781], [942.0, 0.0799], [943.0, 0.0817], [944.0, 0.0832], [945.0, 0.0847], [946.0, 0.0861], [947.0, 0.0877], [948.0, 0.0894], [949.0, 0.0912], [950.0, 0.0928], [951.0, 0.0938], [952.0, 0.0946], [953.0, 0.0957], [954.0, 0.0972], [955.0, 0.099], [956.0, 0.101], [957.0, 0.1029], [958.0, 0.1048], [959.0, 0.1064], [960.0, 0.1082], [961.0, 0.1103], [962.0, 0.1127], [963.0, 0.1151], [964.0, 0.1176], [965.0, 0.1204], [966.0, 0.1233], [967.0, 0.126], [968.0, 0.1284], [969.0, 0.1305], [970.0, 0.1323], [971.0, 0.1341], [972.0, 0.136], [973.0, 0.1381], [974.0, 0.1404], [975.0, 0.1429], [976.0, 0.1455], [977.0, 0.1475], [978.0, 0.1495], [979.0, 0.1523], [980.0, 0.1555], [981.0, 0.1584], [982.0, 0.1617], [983.0, 0.166], [984.0, 0.1703], [985.0, 0.1737], [986.0, 0.1769], [987.0, 0.1801], [988.0, 0.1831], [989.0, 0.1857], [990.0, 0.1883], [991.0, 0.1907], [992.0, 0.1929], [993.0, 0.1953], [994.0, 0.1983], [995.0, 0.2022], [996.0, 0.2068], [997.0, 0.2116], [998.0, 0.2162], [999.0, 0.2203], [1000.0, 0.2244], [1001.0, 0.2289], [1002.0, 0.2338], [1003.0, 0.2387], [1004.0, 0.2436], [1005.0, 0.2481], [1006.0, 0.2527], [1007.0, 0.2575], [1008.0, 0.263], [1009.0, 0.2696], [1010.0, 0.2767], [1011.0, 0.2833], [1012.0, 0.2898], [1013.0, 0.2965], [1014.0, 0.3031], [1015.0, 0.3093], [1016.0, 0.3154], [1017.0, 0.3215], [1018.0, 0.3273], [1019.0, 0.333], [1020.0, 0.3392], [1021.0, 0.3461], [1022.0, 0.3531], [1023.0, 0.3596], [1024.0, 0.3659], [1025.0, 0.3722], [1026.0, 0.3787], [1027.0, 0.3853], [1028.0, 0.3923], [1029.0, 0.4008], [1030.0, 0.4101], [1031.0, 0.4205], [1032.0, 0.4301], [1033.0, 0.4361], [1034.0, 0.4391], [1035.0, 0.439], [1036.0, 0.4395], [1037.0, 0.4426], [1038.0, 0.4503], [1039.0, 0.466], [1040.0, 0.4852], [1041.0, 0.5026], [1042.0, 0.5193], [1043.0, 0.5348], [1044.0, 0.5493], [1045.0, 0.5627], [1046.0, 0.5763], [1047.0, 0.591], [1048.0, 0.6047], [1049.0, 0.6168], [1050.0, 0.6281], [1051.0, 0.6385], [1052.0, 0.6483], [1053.0, 0.6582], [1054.0, 0.6684], [1055.0, 0.679], [1056.0, 0.6913], [1057.0, 0.708], [1058.0, 0.7255], [1059.0, 0.7391], [1060.0, 0.7508], [1061.0, 0.7619], [1062.0, 0.7734], [1063.0, 0.7855], [1064.0, 0.8003], [1065.0, 0.821], [1066.0, 0.8422], [1067.0, 0.8587], [1068.0, 0.8739], [1069.0, 0.8899], [1070.0, 0.9062], [1071.0, 0.9234], [1072.0, 0.9413], [1073.0, 0.9608], [1074.0, 0.977], [1075.0, 0.9876], [1076.0, 0.9927], [1077.0, 0.9914], [1078.0, 0.9854], [1079.0, 0.9752], [1080.0, 0.9665], [1081.0, 0.9692], [1082.0, 0.978], [1083.0, 0.9867], [1084.0, 0.9937], [1085.0, 0.9988], [1086.0, 1.0], [1087.0, 0.9944], [1088.0, 0.9878], [1089.0, 0.9855], [1090.0, 0.9802], [1091.0, 0.9663], [1092.0, 0.9512], [1093.0, 0.9421], [1094.0, 0.935], [1095.0, 0.9266], [1096.0, 0.9181], [1097.0, 0.9095], [1098.0, 0.9011], [1099.0, 0.8947], [1100.0, 0.8914], [1101.0, 0.8909], [1102.0, 0.888], [1103.0, 0.8767], [1104.0, 0.8626], [1105.0, 0.852], [1106.0, 0.8451], [1107.0, 0.8404], [1108.0, 0.8355], [1109.0, 0.8295], [1110.0, 0.8212], [1111.0, 0.8078], [1112.0, 0.7964], [1113.0, 0.7927], [1114.0, 0.791], [1115.0, 0.7887], [1116.0, 0.7859], [1117.0, 0.7804], [1118.0, 0.7729], [1119.0, 0.7648], [1120.0, 0.7578], [1121.0, 0.7538], [1122.0, 0.7511], [1123.0, 0.7484], [1124.0, 0.744], [1125.0, 0.7365], [1126.0, 0.728], [1127.0, 0.7188], [1128.0, 0.7104], [1129.0, 0.706], [1130.0, 0.7037], [1131.0, 0.7024], [1132.0, 0.7017], [1133.0, 0.7004], [1134.0, 0.6976], [1135.0, 0.6917], [1136.0, 0.6865], [1137.0, 0.6847], [1138.0, 0.6852], [1139.0, 0.6875], [1140.0, 0.6905], [1141.0, 0.6933], [1142.0, 0.6949], [1143.0, 0.6939], [1144.0, 0.6915], [1145.0, 0.6883], [1146.0, 0.6849], [1147.0, 0.682], [1148.0, 0.6802], [1149.0, 0.6803], [1150.0, 0.6815], [1151.0, 0.6833], [1152.0, 0.6852], [1153.0, 0.6862], [1154.0, 0.6867], [1155.0, 0.6876], [1156.0, 0.6885], [1157.0, 0.6893], [1158.0, 0.6895], [1159.0, 0.6885], [1160.0, 0.6862], [1161.0, 0.6824], [1162.0, 0.6783], [1163.0, 0.6755], [1164.0, 0.673], [1165.0, 0.6714], [1166.0, 0.6685], [1167.0, 0.6616], [1168.0, 0.6519], [1169.0, 0.6405], [1170.0, 0.6286], [1171.0, 0.6175], [1172.0, 0.6075], [1173.0, 0.5999], [1174.0, 0.5921], [1175.0, 0.5821], [1176.0, 0.5717], [1177.0, 0.5623], [1178.0, 0.5529], [1179.0, 0.5427], [1180.0, 0.5319], [1181.0, 0.5206], [1182.0, 0.5086], [1183.0, 0.4963], [1184.0, 0.4846], [1185.0, 0.4743], [1186.0, 0.4644], [1187.0, 0.4542], [1188.0, 0.4438], [1189.0, 0.4328], [1190.0, 0.4214], [1191.0, 0.4097], [1192.0, 0.3977], [1193.0, 0.3859], [1194.0, 0.3741], [1195.0, 0.3622], [1196.0, 0.3503], [1197.0, 0.3381], [1198.0, 0.3261], [1199.0, 0.3156], [1200.0, 0.3058], [1201.0, 0.2957], [1202.0, 0.285], [1203.0, 0.2736], [1204.0, 0.2615], [1205.0, 0.2486], [1206.0, 0.2361], [1207.0, 0.2255], [1208.0, 0.2154], [1209.0, 0.2051], [1210.0, 0.1952], [1211.0, 0.1858], [1212.0, 0.1768], [1213.0, 0.1675], [1214.0, 0.1586], [1215.0, 0.1502], [1216.0, 0.1423], [1217.0, 0.1346], [1218.0, 0.1273], [1219.0, 0.1202], [1220.0, 0.1134], [1221.0, 0.1068], [1222.0, 0.1006], [1223.0, 0.0948], [1224.0, 0.0895], [1225.0, 0.085], [1226.0, 0.0808], [1227.0, 0.0767], [1228.0, 0.0727], [1229.0, 0.0689], [1230.0, 0.0652], [1231.0, 0.0616], [1232.0, 0.0583], [1233.0, 0.0553], [1234.0, 0.0526], [1235.0, 0.05], [1236.0, 0.0475], [1237.0, 0.0451], [1238.0, 0.0426], [1239.0, 0.0402], [1240.0, 0.0378], [1241.0, 0.0356], [1242.0, 0.0336], [1243.0, 0.0317], [1244.0, 0.03], [1245.0, 0.0282], [1246.0, 0.0266], [1247.0, 0.0249], [1248.0, 0.0233], [1249.0, 0.022], [1250.0, 0.0207], [1251.0, 0.0195], [1252.0, 0.0184], [1253.0, 0.0174], [1254.0, 0.0164], [1255.0, 0.0155], [1256.0, 0.0145], [1257.0, 0.0137], [1258.0, 0.0128], [1259.0, 0.012], [1260.0, 0.0113], [1261.0, 0.0106], [1262.0, 0.01], [1263.0, 0.0094], [1264.0, 0.0088], [1265.0, 0.0083], [1266.0, 0.0078], [1267.0, 0.0074], [1268.0, 0.0069], [1269.0, 0.0065], [1270.0, 0.0061], [1271.0, 0.0057], [1272.0, 0.0054], [1273.0, 0.005], [1274.0, 0.0047], [1275.0, 0.0045], [1276.0, 0.0042], [1277.0, 0.0039], [1278.0, 0.0037], [1279.0, 0.0034], [1280.0, 0.0032], [1281.0, 0.003], [1282.0, 0.0029], [1283.0, 0.0028], [1284.0, 0.0026], [1285.0, 0.0025], [1286.0, 0.0023], [1287.0, 0.0022], [1288.0, 0.0021], [1289.0, 0.002], [1290.0, 0.0019], [1291.0, 0.0018], [1292.0, 0.0017], [1293.0, 0.0016], [1294.0, 0.0015], [1295.0, 0.0014], [1296.0, 0.0013], [1297.0, 0.0013], [1298.0, 0.0012], [1299.0, 0.0011], [1300.0, 0.001], [1301.0, 0.001], [1302.0, 0.0009], [1303.0, 0.0009], [1304.0, 0.0008], [1305.0, 0.0008], [1306.0, 0.0007], [1307.0, 0.0007], [1308.0, 0.0006], [1309.0, 0.0006], [1310.0, 0.0006], [1311.0, 0.0005], [1312.0, 0.0005], [1313.0, 0.0005], [1314.0, 0.0004], [1315.0, 0.0004], [1316.0, 0.0004], [1317.0, 0.0004], [1318.0, 0.0003], [1319.0, 0.0003], [1320.0, 0.0003], [1321.0, 0.0003], [1322.0, 0.0003], [1323.0, 0.0003], [1324.0, 0.0002], [1325.0, 0.0002], [1326.0, 0.0002], [1327.0, 0.0002], [1328.0, 0.0002], [1329.0, 0.0002], [1330.0, 0.0002], [1331.0, 0.0002], [1332.0, 0.0002], [1333.0, 0.0001], [1334.0, 0.0001], [1335.0, 0.0001], [1336.0, 0.0001], [1337.0, 0.0001], [1338.0, 0.0001], [1339.0, 0.0001], [1340.0, 0.0001], [1341.0, 0.0001], [1342.0, 0.0001], [1343.0, 0.0001], [1344.0, 0.0001], [1345.0, 0.0001], [1346.0, 0.0001], [1347.0, 0.0001], [1348.0, 0.0001], [1349.0, 0.0001], [1350.0, 0.0001], [1351.0, 0.0001], [1352.0, 0.0001], [1353.0, 0.0001], [1354.0, 0.0001], [1355.0, 0.0], [1356.0, 0.0], [1357.0, 0.0], [1358.0, 0.0], [1359.0, 0.0], [1360.0, 0.0], [1361.0, 0.0], [1362.0, 0.0], [1363.0, 0.0], [1364.0, 0.0], [1365.0, 0.0], [1366.0, 0.0], [1367.0, 0.0], [1368.0, 0.0], [1369.0, 0.0], [1370.0, 0.0], [1371.0, 0.0], [1372.0, 0.0001], [1373.0, 0.0001], [1374.0, 0.0001], [1375.0, 0.0001], [1376.0, 0.0001], [1377.0, 0.0001], [1378.0, 0.0001], [1379.0, 0.0001], [1380.0, 0.0], [1381.0, 0.0], [1382.0, 0.0], [1383.0, 0.0], [1384.0, 0.0001], [1385.0, 0.0002], [1386.0, 0.0002], [1387.0, 0.0002], [1388.0, 0.0002], [1389.0, 0.0001], [1390.0, 0.0], [1391.0, 0.0], [1392.0, 0.0], [1393.0, 0.0], [1394.0, 0.0], [1395.0, 0.0], [1396.0, 0.0], [1397.0, 0.0], [1398.0, 0.0], [1399.0, 0.0]]",
    "category": "p",
    "subtype": "2p",
    "ph": null,
    "solvent": "",
    "owner_state": 336,
    "owner_dye": null,
    "owner_filter": null,
    "owner_light": null,
    "owner_camera": null,
    "reference": null,
    "source": ""
  }
},
{
  "model": "references.reference",
  "pk": 48,
  "fields": {
    "created": "2018-02-12T01:19:31.355Z",
    "modified": "2018-12-06T23:35:53.667Z",
    "doi": "10.1038/nbt1037",
    "pmid": "15558047",
    "title": "Improved monomeric red, orange and yellow fluorescent proteins derived from Discosoma sp. red fluorescent protein",
    "journal": "Nature Biotechnology",
    "pages": "1567-1572",
    "volume": "22",
    "issue": "12",
    "firstauthor": "",
    "citation": "Shaner et al. (2004)",
    "date": "2004-11-21",
    "year": 2004,
    "summary": "",
    "created_by": null,
    "updated_by": null
  }
},
{
  "model": "references.reference",
  "pk": 180,
  "fields": {
    "created": "2018-02-12T01:21:15.138Z",
    "modified": "2018-12-06T23:36:07.489Z",
    "doi": "10.1021/bi060773l",
    "pmid": "16893165",
    "title": "Novel Chromophores and Buried Charges Control Color in mFruits†,‡",
    "journal": "Biochemistry",
    "pages": "9639-9647",
    "volume": "45",
    "issue": "32",
    "firstauthor": "",
    "citation": "Shu et al. (2006)",
    "date": "2006-08-01",
    "year": 2006,
    "summary": "",
    "created_by": null,
    "updated_by": null
  }
},
{
  "model": "references.reference",
  "pk": 125,
  "fields": {
    "created": "2018-02-12T01:20:29.328Z",
    "modified": "2018-12-06T23:36:00.753Z",
    "doi": "10.1038/nmeth1062",
    "pmid": "17572680",
    "title": "Bright monomeric red fluorescent protein with an extended fluorescence lifetime",
    "journal": "Nature Methods",
    "pages": "555-557",
    "volume": "4",
    "issue": "7",
    "firstauthor": "",
    "citation": "Merzlyak et al. (2007)",
    "date": "2007-06-17",
    "year": 2007,
    "summary": "",
    "created_by": null,
    "updated_by": null
  }
},
{
  "model": "references.reference",
  "pk": 558,
  "fields": {
    "created": "2019-04-23T21:07:00.361Z",
    "modified": "2019-04-23T23:49:23.830Z",
    "doi": "10.1038/nmeth.1955",
    "pmid": "22484850",
    "title": "Segregation of molecules at cell division reveals native protein localization",
    "journal": "Nature Methods",
    "pages": "480-482",
    "volume": "9",
    "issue": "5",
    "firstauthor": "Landgraf",
    "citation": "Landgraf et al. (2012)",
    "date": "2012-04-08",
    "year": 2012,
    "summary": "",
    "created_by": 1,
    "updated_by": 1
  }
},
{
  "model": "references.reference",
  "pk": 245,
  "fields": {
    "created": "2018-06-28T20:11:53.827Z",
    "modified": "2018-12-06T23:36:15.590Z",
    "doi": "10.1091/mbc.e16-01-0063",
    "pmid": "27385332",
    "title": "Comparative assessment of fluorescent proteins for in vivo imaging in an animal model system",
    "journal": "Molecular Biology of the Cell",
    "pages": "3385-3394",
    "volume": "27",
    "issue": "22",
    "firstauthor": "Heppert",
    "citation": "Heppert et al. (2016)",
    "date": "2016-11-07",
    "year": 2016,
    "summary": "",
    "created_by": 1,
    "updated_by": 1
  }
},
{
  "model": "references.reference",
  "pk": 235,
  "fields": {
    "created": "2018-03-12T22:05:52.907Z",
    "modified": "2018-12-06T23:36:15.944Z",
    "doi": "10.1038/s41598-017-12212-x",
    "pmid": "28931898",
    "title": "Characterization of a spectrally diverse set of fluorescent proteins as FRET acceptors for mTurquoise2",
    "journal": "Scientific Reports",
    "pages": "11999",
    "volume": "7",
    "issue": "1",
    "firstauthor": "",
    "citation": "Mastop et al. (2017)",
    "date": "2017-09-20",
    "year": 2017,
    "summary": "",
    "created_by": null,
    "updated_by": null
  }
},
{
  "model": "references.reference",
  "pk": 250,
  "fields": {
    "created": "2018-08-30T07:23:33.051Z",
    "modified": "2018-12-06T23:36:16.638Z",
    "doi": "10.1038/s41598-018-28858-0",
    "pmid": "30006597",
    "title": "Optimal fluorescent protein tags for quantifying protein oligomerization in living cells",
    "journal": "Scientific Reports",
    "pages": "10634",
    "volume": "8",
    "issue": "1",
    "firstauthor": "Dunsing",
    "citation": "Dunsing et al. (2018)",
    "date": "2018-07-13",
    "year": 2018,
    "summary": "",
    "created_by": null,
    "updated_by": null
  }
},
{
  "model": "references.reference",
  "pk": 711,
  "fields": {
    "created": "2021-11-18T04:55:18.030Z",
    "modified": "2021-11-18T04:55:18.030Z",
    "doi": "10.1002/pld3.112",
    "pmid": "31245754",
    "title": "I see the light! Fluorescent proteins suitable for cell wall/apoplast targeting in Nicotiana benthamiana\n leaves",
    "journal": "Plant Direct",
    "pages": "e00112",
    "volume": "3",
    "issue": "1",
    "firstauthor": "Stoddard",
    "citation": "Stoddard & Rolland (2019)",
    "date": "2019-01-17",
    "year": 2019,
    "summary": "",
    "created_by": null,
    "updated_by": null
  }
},
{
  "model": "references.reference",
  "pk": 639,
  "fields": {
    "created": "2020-10-20T15:45:35.035Z",
    "modified": "2020-10-20T15:45:35.035Z",
    "doi": "10.1371/journal.pone.0219886",
    "pmid": "32023253",
    "title": "Comparing the performance of mScarlet-I, mRuby3, and mCherry as FRET acceptors for mNeonGreen",
    "journal": "PLOS ONE",
    "pages": "e0219886",
    "volume": "15",
    "issue": "2",
    "firstauthor": "McCullock",
    "citation": "McCullock et al. (2020)",
    "date": "2020-02-05",
    "year": 2020,
    "summary": "",
    "created_by": null,
    "updated_by": null
  }
},
{
  "model": "references.reference",
  "pk": 1012,
  "fields": {
    "created": "2024-09-01T09:18:12.725Z",
    "modified": "2024-09-01T09:18:12.725Z",
    "doi": "10.1038/s41467-023-40647-6",
    "pmid": "37573411",
    "title": "Fluorescent protein lifetimes report densities and phases of nuclear condensates during embryonic stem-cell differentiation",
    "journal": "Nature Communications",
    "pages": "4885",
    "volume": "14",
    "issue": "1",
    "firstauthor": "Joron",
    "citation": "Joron et al. (2023)",
    "date": "2023-08-12",
    "year": 2023,
    "summary": "",
    "created_by": null,
    "updated_by": null
  }
},
{
  "model": "references.reference",
  "pk": 2134,
  "fields": {
    "created": "2025-09-14T07:50:40.357Z",
    "modified": "2025-09-14T07:50:40.357Z",
    "doi": "10.1002/pro.5235",
    "pmid": "39968832",
    "title": "<scp>PEG–mCherry</scp> interactions beyond classical macromolecular crowding",
    "journal": "Protein Science",
    "pages": "e5235",
    "volume": "34",
    "issue": "3",
    "firstauthor": "Haas‐Neill",
    "citation": "Haas‐Neill et al. (2025)",
    "date": "2025-02-19",
    "year": 2025,
    "summary": "",
    "created_by": null,
    "updated_by": null
  }
},
{
  "model": "references.reference",
  "pk": 2365,
  "fields": {
    "created": "2025-10-28T23:30:05.481Z",
    "modified": "2025-10-28T23:30:05.481Z",
    "doi": "10.1242/jcs.263858",
    "pmid": "40326462",
    "title": "Quantitative comparison of fluorescent proteins using protein nanocages in live cells",
    "journal": "Journal of Cell Science",
    "pages": "",
    "volume": "138",
    "issue": "10",
    "firstauthor": "Viola",
    "citation": "Viola et al. (2025)",
    "date": "2025-05-21",
    "year": 2025,
    "summary": "",
    "created_by": null,
    "updated_by": null
  }
},
{
  "model": "proteins.organism",
  "pk": 86600,
  "fields": {
    "created": "2018-02-12T01:19:20.892Z",
    "modified": "2018-02-12T01:19:21.225Z",
    "created_by": null,
    "updated_by": null,
    "scientific_name": "Discosoma sp.",
    "division": "coral anemones",
    "common_name": "",
    "species": "sp.",
    "genus": "Discosoma",
    "rank": "species"
  }
},
{
  "model": "proteins.microscope",
  "pk": "4yL4ggAozzcMwTU4Ae7zxF",
  "fields": {
    "created": "2018-07-18T20:20:04.569Z",
    "modified": "2018-07-22T17:04:35.551Z",
    "name": "Example Yokogawa Setup",
    "description": "An example Yokogawa spinning disc setup with inverted dichroics (that reflect emission)",
    "owner": 1,
    "managers": "[]",
    "extra_lasers": "[]",
    "collection": null,
    "fluors": null,
    "cfg_calc_efficiency": true,
    "cfg_fill_area": true,
    "cfg_min_wave": 350,
    "cfg_max_wave": 800,
    "cfg_enable_pan_zoom": true,
    "extra_lights": [],
    "extra_cameras": []
  }
},
{
  "model": "proteins.opticalconfig",
  "pk": 1,
  "fields": {
    "created": "2018-07-18T20:20:04.653Z",
    "modified": "2018-07-22T17:04:35.545Z",
    "name": "405",
    "description": "",
    "owner": 1,
    "managers": "[]",
    "microscope": "4yL4ggAozzcMwTU4Ae7zxF",
    "comments": "",
    "light": null,
    "camera": 1,
    "laser": 405
  }
},
{
  "model": "proteins.camera",
  "pk": 1,
  "fields": {
    "created": "2018-06-17T15:49:20.532Z",
    "modified": "2018-07-20T13:59:38.731Z",
    "created_by": 1,
    "updated_by": null,
    "part": "ORCA-Flash4.0 V3",
    "url": "http://www.hamamatsu.com/us/en/C13440-20CU.html",
    "name": "Hamamatsu ORCA-Flash4.0 V3",
    "slug": "hamamatsu-orca-flash40-v3",
    "manufacturer": "Hamamatsu"
  }
},
{
  "model": "proteins.filterplacement",
  "pk": 1,
  "fields": {
    "filter": 960,
    "config": 1,
    "path": "bs",
    "reflects": true
  }
},
{
  "model": "proteins.filter",
  "pk": 960,
  "fields": {
    "created": "2018-06-24T01:11:33.776Z",
    "modified": "2018-06-24T01:11:33.847Z",
    "created_by": 1,
    "updated_by": null,
    "manufacturer": "Semrock",
    "part": "Di01-T405/488/568/647",
    "url": "https://www.semrock.com/FilterDetails.aspx?id=Di01-T405/488/568/647",
    "name": "Semrock Di01-T405/488/568/647",
    "slug": "semrock-di01-t405488568647",
    "bandcenter": 1,
    "bandwidth": 488,
    "edge": null,
    "tavg": null,
    "aoi": null
  }
},
{
  "model": "proteins.filterplacement",
  "pk": 2,
  "fields": {
    "filter": 278,
    "config": 1,
    "path": "em",
    "reflects": false
  }
},
{
  "model": "proteins.filter",
  "pk": 278,
  "fields": {
    "created": "2018-05-26T01:43:37.182Z",
    "modified": "2018-05-26T01:43:37.593Z",
    "created_by": 1,
    "updated_by": null,
    "manufacturer": "Chroma",
    "part": "ET450/50m",
    "url": "https://www.chroma.com/products/parts/ET450-50m",
    "name": "Chroma ET450/50m",
    "slug": "chroma-et45050m",
    "bandcenter": 45,
    "bandwidth": 50,
    "edge": null,
    "tavg": null,
    "aoi": null
  }
},
{
  "model": "proteins.opticalconfig",
  "pk": 2,
  "fields": {
    "created": "2018-07-18T20:20:04.675Z",
    "modified": "2018-07-18T20:20:04.707Z",
    "name": "442",
    "description": "",
    "owner": 1,
    "managers": "[]",
    "microscope": "4yL4ggAozzcMwTU4Ae7zxF",
    "comments": "",
    "light": null,
    "camera": 1,
    "laser": 442
  }
},
{
  "model": "proteins.filterplacement",
  "pk": 3,
  "fields": {
    "filter": 961,
    "config": 2,
    "path": "bs",
    "reflects": true
  }
},
{
  "model": "proteins.filter",
  "pk": 961,
  "fields": {
    "created": "2018-06-24T01:12:30.084Z",
    "modified": "2018-06-24T01:12:30.128Z",
    "created_by": 1,
    "updated_by": null,
    "manufacturer": "Semrock",
    "part": "Di01-T445/515/561",
    "url": "https://www.semrock.com/FilterDetails.aspx?id=Di01-T445/515/561",
    "name": "Semrock Di01-T445/515/561",
    "slug": "semrock-di01-t445515561",
    "bandcenter": 1,
    "bandwidth": 515,
    "edge": null,
    "tavg": null,
    "aoi": null
  }
},
{
  "model": "proteins.filterplacement",
  "pk": 4,
  "fields": {
    "filter": 44,
    "config": 2,
    "path": "em",
    "reflects": false
  }
},
{
  "model": "proteins.filter",
  "pk": 44,
  "fields": {
    "created": "2018-05-26T01:19:04.595Z",
    "modified": "2018-05-26T01:19:04.655Z",
    "created_by": null,
    "updated_by": null,
    "manufacturer": "Chroma",
    "part": "ET480/40m",
    "url": "https://www.chroma.com/products/parts/ET480-40m",
    "name": "Chroma ET480/40m",
    "slug": "chroma-et48040m",
    "bandcenter": 48,
    "bandwidth": 40,
    "edge": null,
    "tavg": null,
    "aoi": null
  }
},
{
  "model": "proteins.opticalconfig",
  "pk": 4,
  "fields": {
    "created": "2018-07-18T20:20:04.736Z",
    "modified": "2018-07-18T20:20:04.745Z",
    "name": "491",
    "description": "",
    "owner": 1,
    "managers": "[]",
    "microscope": "4yL4ggAozzcMwTU4Ae7zxF",
    "comments": "",
    "light": null,
    "camera": 1,
    "laser": 488
  }
},
{
  "model": "proteins.filterplacement",
  "pk": 7,
  "fields": {
    "filter": 960,
    "config": 4,
    "path": "bs",
    "reflects": true
  }
},
{
  "model": "proteins.filterplacement",
  "pk": 8,
  "fields": {
    "filter": 37,
    "config": 4,
    "path": "em",
    "reflects": false
  }
},
{
  "model": "proteins.filter",
  "pk": 37,
  "fields": {
    "created": "2018-05-26T01:19:04.595Z",
    "modified": "2018-05-26T01:19:04.655Z",
    "created_by": null,
    "updated_by": null,
    "manufacturer": "Chroma",
    "part": "ET525/50m",
    "url": "https://www.chroma.com/products/parts/ET525-50m",
    "name": "Chroma ET525/50m",
    "slug": "chroma-et52550m",
    "bandcenter": 52,
    "bandwidth": 50,
    "edge": null,
    "tavg": null,
    "aoi": null
  }
},
{
  "model": "proteins.opticalconfig",
  "pk": 3,
  "fields": {
    "created": "2018-07-18T20:20:04.713Z",
    "modified": "2018-07-18T20:20:04.730Z",
    "name": "515",
    "description": "",
    "owner": 1,
    "managers": "[]",
    "microscope": "4yL4ggAozzcMwTU4Ae7zxF",
    "comments": "",
    "light": null,
    "camera": 1,
    "laser": 515
  }
},
{
  "model": "proteins.filterplacement",
  "pk": 5,
  "fields": {
    "filter": 961,
    "config": 3,
    "path": "bs",
    "reflects": true
  }
},
{
  "model": "proteins.filterplacement",
  "pk": 6,
  "fields": {
    "filter": 36,
    "config": 3,
    "path": "em",
    "reflects": false
  }
},
{
  "model": "proteins.filter",
  "pk": 36,
  "fields": {
    "created": "2018-05-26T01:19:04.595Z",
    "modified": "2018-05-26T01:19:04.655Z",
    "created_by": null,
    "updated_by": null,
    "manufacturer": "Chroma",
    "part": "ET535/30m",
    "url": "https://www.chroma.com/products/parts/ET535-30m",
    "name": "Chroma ET535/30m",
    "slug": "chroma-et53530m",
    "bandcenter": 53,
    "bandwidth": 30,
    "edge": null,
    "tavg": null,
    "aoi": null
  }
},
{
  "model": "proteins.opticalconfig",
  "pk": 5,
  "fields": {
    "created": "2018-07-18T20:20:04.750Z",
    "modified": "2018-07-18T20:20:04.764Z",
    "name": "561",
    "description": "",
    "owner": 1,
    "managers": "[]",
    "microscope": "4yL4ggAozzcMwTU4Ae7zxF",
    "comments": "",
    "light": null,
    "camera": 1,
    "laser": 561
  }
},
{
  "model": "proteins.filterplacement",
  "pk": 9,
  "fields": {
    "filter": 960,
    "config": 5,
    "path": "bs",
    "reflects": true
  }
},
{
  "model": "proteins.filterplacement",
  "pk": 10,
  "fields": {
    "filter": 26,
    "config": 5,
    "path": "em",
    "reflects": false
  }
},
{
  "model": "proteins.filter",
  "pk": 26,
  "fields": {
    "created": "2018-05-26T01:19:04.595Z",
    "modified": "2018-05-26T01:19:04.655Z",
    "created_by": null,
    "updated_by": null,
    "manufacturer": "Chroma",
    "part": "ET620/60m",
    "url": "https://www.chroma.com/products/parts/ET620-60m",
    "name": "Chroma ET620/60m",
    "slug": "chroma-et62060m",
    "bandcenter": 62,
    "bandwidth": 60,
    "edge": null,
    "tavg": null,
    "aoi": null
  }
},
{
  "model": "proteins.opticalconfig",
  "pk": 6,
  "fields": {
    "created": "2018-07-18T20:20:04.769Z",
    "modified": "2018-07-18T20:20:04.782Z",
    "name": "642",
    "description": "",
    "owner": 1,
    "managers": "[]",
    "microscope": "4yL4ggAozzcMwTU4Ae7zxF",
    "comments": "",
    "light": null,
    "camera": 1,
    "laser": 642
  }
},
{
  "model": "proteins.filterplacement",
  "pk": 11,
  "fields": {
    "filter": 960,
    "config": 6,
    "path": "bs",
    "reflects": false
  }
},
{
  "model": "proteins.filterplacement",
  "pk": 12,
  "fields": {
    "filter": 22,
    "config": 6,
    "path": "em",
    "reflects": false
  }
},
{
  "model": "proteins.filter",
  "pk": 22,
  "fields": {
    "created": "2018-05-26T01:19:04.595Z",
    "modified": "2018-05-26T01:19:04.655Z",
    "created_by": null,
    "updated_by": null,
    "manufacturer": "Chroma",
    "part": "ET700/75m",
    "url": "https://www.chroma.com/products/parts/ET700-75m",
    "name": "Chroma ET700/75m",
    "slug": "chroma-et70075m",
    "bandcenter": 70,
    "bandwidth": 75,
    "edge": null,
    "tavg": null,
    "aoi": null
  }
},
{
  "model": "proteins.microscope",
  "pk": "wKqWbgApvguSNDSRZNSfpN",
  "fields": {
    "created": "2018-07-18T20:47:09.362Z",
    "modified": "2021-10-31T14:02:06.701Z",
    "name": "Example Simple Widefield",
    "description": "An example of a simple widefield setup with single-band cubes",
    "owner": 1,
    "managers": "[]",
    "extra_lasers": "[]",
    "collection": null,
    "fluors": null,
    "cfg_calc_efficiency": true,
    "cfg_fill_area": true,
    "cfg_min_wave": 350,
    "cfg_max_wave": 800,
    "cfg_enable_pan_zoom": true,
    "extra_lights": [
      9
    ],
    "extra_cameras": [
      88
    ]
  }
},
{
  "model": "proteins.light",
  "pk": 9,
  "fields": {
    "created": "2018-05-26T01:19:04.715Z",
    "modified": "2018-07-18T19:50:16.810Z",
    "created_by": 1,
    "updated_by": null,
    "part": "sola-395",
    "url": "http://lumencor.com/products/filters-for-spectra-x-light-engines/",
    "name": "SOLA 395",
    "slug": "sola-395",
    "manufacturer": "Lumencor"
  }
},
{
  "model": "proteins.camera",
  "pk": 88,
  "fields": {
    "created": "2020-12-15T14:05:43.119Z",
    "modified": "2020-12-15T14:11:24.283Z",
    "created_by": 1,
    "updated_by": null,
    "part": "C15440-20UP",
    "url": "https://www.hamamatsu.com/us/en/product/type/C15440-20UP/index.html",
    "name": "Hamamatsu ORCA-Fusion BT C15440-20UP",
    "slug": "hamamatsu-orca-fusion-bt-c15440-20up",
    "manufacturer": "Hamamatsu"
  }
},
{
  "model": "proteins.opticalconfig",
  "pk": 20,
  "fields": {
    "created": "2018-07-18T20:47:09.408Z",
    "modified": "2018-07-18T20:47:09.416Z",
    "name": "Widefield Blue",
    "description": "",
    "owner": 1,
    "managers": "[]",
    "microscope": "wKqWbgApvguSNDSRZNSfpN",
    "comments": "",
    "light": 10,
    "camera": 8,
    "laser": null
  }
},
{
  "model": "proteins.light",
  "pk": 10,
  "fields": {
    "created": "2018-05-26T01:19:04.715Z",
    "modified": "2018-07-18T19:50:16.808Z",
    "created_by": 1,
    "updated_by": null,
    "part": "sola-365",
    "url": "http://lumencor.com/products/filters-for-spectra-x-light-engines/",
    "name": "SOLA 365",
    "slug": "sola-365",
    "manufacturer": "Lumencor"
  }
},
{
  "model": "proteins.camera",
  "pk": 8,
  "fields": {
    "created": "2018-06-17T16:12:30.197Z",
    "modified": "2018-06-17T16:12:51.367Z",
    "created_by": 1,
    "updated_by": null,
    "part": "edge 4.2",
    "url": "https://www.pco.de/scmos-cameras/pcoedge-42/",
    "name": "pco.edge 4.2",
    "slug": "pcoedge-42",
    "manufacturer": "pco"
  }
},
{
  "model": "proteins.filterplacement",
  "pk": 52,
  "fields": {
    "filter": 52,
    "config": 20,
    "path": "ex",
    "reflects": false
  }
},
{
  "model": "proteins.filter",
  "pk": 52,
  "fields": {
    "created": "2018-05-26T01:19:04.595Z",
    "modified": "2018-05-26T01:19:04.655Z",
    "created_by": null,
    "updated_by": null,
    "manufacturer": "Chroma",
    "part": "ET395/25x",
    "url": "https://www.chroma.com/products/parts/ET395-25x",
    "name": "Chroma ET395/25x",
    "slug": "chroma-et39525x",
    "bandcenter": 39,
    "bandwidth": 25,
    "edge": null,
    "tavg": null,
    "aoi": null
  }
},
{
  "model": "proteins.filterplacement",
  "pk": 53,
  "fields": {
    "filter": 10,
    "config": 20,
    "path": "bs",
    "reflects": false
  }
},
{
  "model": "proteins.filter",
  "pk": 10,
  "fields": {
    "created": "2018-05-26T01:19:04.595Z",
    "modified": "2018-05-26T01:19:04.655Z",
    "created_by": null,
    "updated_by": null,
    "manufacturer": "Chroma",
    "part": "T425lpxr",
    "url": "https://www.chroma.com/products/parts/T425lpxr",
    "name": "Chroma T425lpxr",
    "slug": "chroma-t425lpxr",
    "bandcenter": null,
    "bandwidth": null,
    "edge": null,
    "tavg": null,
    "aoi": null
  }
},
{
  "model": "proteins.filterplacement",
  "pk": 54,
  "fields": {
    "filter": 47,
    "config": 20,
    "path": "em",
    "reflects": false
  }
},
{
  "model": "proteins.filter",
  "pk": 47,
  "fields": {
    "created": "2018-05-26T01:19:04.595Z",
    "modified": "2018-05-26T01:19:04.655Z",
    "created_by": null,
    "updated_by": null,
    "manufacturer": "Chroma",
    "part": "ET460/50m",
    "url": "https://www.chroma.com/products/parts/ET460-50m",
    "name": "Chroma ET460/50m",
    "slug": "chroma-et46050m",
    "bandcenter": 46,
    "bandwidth": 50,
    "edge": null,
    "tavg": null,
    "aoi": null
  }
},
{
  "model": "proteins.opticalconfig",
  "pk": 23,
  "fields": {
    "created": "2018-07-18T20:47:09.436Z",
    "modified": "2018-07-18T20:47:09.441Z",
    "name": "Widefield Far-Red",
    "description": "",
    "owner": 1,
    "managers": "[]",
    "microscope": "wKqWbgApvguSNDSRZNSfpN",
    "comments": "",
    "light": 10,
    "camera": 8,
    "laser": null
  }
},
{
  "model": "proteins.filterplacement",
  "pk": 61,
  "fields": {
    "filter": 668,
    "config": 23,
    "path": "ex",
    "reflects": false
  }
},
{
  "model": "proteins.filter",
  "pk": 668,
  "fields": {
    "created": "2018-05-26T02:12:37.232Z",
    "modified": "2018-05-26T02:12:37.664Z",
    "created_by": 1,
    "updated_by": null,
    "manufacturer": "Semrock",
    "part": "FF01-618/50",
    "url": "https://www.semrock.com/FilterDetails.aspx?id=FF01-618/50",
    "name": "Semrock FF01-618/50",
    "slug": "semrock-ff01-61850",
    "bandcenter": 1,
    "bandwidth": 50,
    "edge": null,
    "tavg": null,
    "aoi": null
  }
},
{
  "model": "proteins.filterplacement",
  "pk": 62,
  "fields": {
    "filter": 934,
    "config": 23,
    "path": "bs",
    "reflects": false
  }
},
{
  "model": "proteins.filter",
  "pk": 934,
  "fields": {
    "created": "2018-05-26T02:49:02.878Z",
    "modified": "2018-05-26T02:49:03.159Z",
    "created_by": 1,
    "updated_by": null,
    "manufacturer": "Semrock",
    "part": "FF652-Di01",
    "url": "https://www.semrock.com/FilterDetails.aspx?id=FF652-Di01",
    "name": "Semrock FF652-Di01",
    "slug": "semrock-ff652-di01",
    "bandcenter": null,
    "bandwidth": null,
    "edge": null,
    "tavg": null,
    "aoi": null
  }
},
{
  "model": "proteins.filterplacement",
  "pk": 63,
  "fields": {
    "filter": 719,
    "config": 23,
    "path": "em",
    "reflects": false
  }
},
{
  "model": "proteins.filter",
  "pk": 719,
  "fields": {
    "created": "2018-05-26T02:19:17.315Z",
    "modified": "2018-05-26T02:19:17.750Z",
    "created_by": 1,
    "updated_by": null,
    "manufacturer": "Semrock",
    "part": "FF01-698/70",
    "url": "https://www.semrock.com/FilterDetails.aspx?id=FF01-698/70",
    "name": "Semrock FF01-698/70",
    "slug": "semrock-ff01-69870",
    "bandcenter": 1,
    "bandwidth": 70,
    "edge": null,
    "tavg": null,
    "aoi": null
  }
},
{
  "model": "proteins.opticalconfig",
  "pk": 21,
  "fields": {
    "created": "2018-07-18T20:47:09.419Z",
    "modified": "2018-07-18T20:47:09.424Z",
    "name": "Widefield Green",
    "description": "",
    "owner": 1,
    "managers": "[]",
    "microscope": "wKqWbgApvguSNDSRZNSfpN",
    "comments": "",
    "light": 10,
    "camera": 8,
    "laser": null
  }
},
{
  "model": "proteins.filterplacement",
  "pk": 55,
  "fields": {
    "filter": 507,
    "config": 21,
    "path": "ex",
    "reflects": false
  }
},
{
  "model": "proteins.filter",
  "pk": 507,
  "fields": {
    "created": "2018-05-26T01:50:38.352Z",
    "modified": "2018-05-26T01:50:38.796Z",
    "created_by": 1,
    "updated_by": null,
    "manufacturer": "Semrock",
    "part": "FF01-466/40",
    "url": "https://www.semrock.com/FilterDetails.aspx?id=FF01-466/40",
    "name": "Semrock FF01-466/40",
    "slug": "semrock-ff01-46640",
    "bandcenter": 1,
    "bandwidth": 40,
    "edge": null,
    "tavg": null,
    "aoi": null
  }
},
{
  "model": "proteins.filterplacement",
  "pk": 56,
  "fields": {
    "filter": 882,
    "config": 21,
    "path": "bs",
    "reflects": false
  }
},
{
  "model": "proteins.filter",
  "pk": 882,
  "fields": {
    "created": "2018-05-26T02:42:05.931Z",
    "modified": "2018-05-26T02:42:06.209Z",
    "created_by": 1,
    "updated_by": null,
    "manufacturer": "Semrock",
    "part": "FF495-Di03",
    "url": "https://www.semrock.com/FilterDetails.aspx?id=FF495-Di03",
    "name": "Semrock FF495-Di03",
    "slug": "semrock-ff495-di03",
    "bandcenter": null,
    "bandwidth": null,
    "edge": null,
    "tavg": null,
    "aoi": null
  }
},
{
  "model": "proteins.filterplacement",
  "pk": 57,
  "fields": {
    "filter": 569,
    "config": 21,
    "path": "em",
    "reflects": false
  }
},
{
  "model": "proteins.filter",
  "pk": 569,
  "fields": {
    "created": "2018-05-26T01:58:50.440Z",
    "modified": "2018-05-26T01:58:50.897Z",
    "created_by": 1,
    "updated_by": null,
    "manufacturer": "Semrock",
    "part": "FF03-525/50",
    "url": "https://www.semrock.com/FilterDetails.aspx?id=FF03-525/50",
    "name": "Semrock FF03-525/50",
    "slug": "semrock-ff03-52550",
    "bandcenter": 3,
    "bandwidth": 50,
    "edge": null,
    "tavg": null,
    "aoi": null
  }
},
{
  "model": "proteins.opticalconfig",
  "pk": 22,
  "fields": {
    "created": "2018-07-18T20:47:09.427Z",
    "modified": "2018-07-18T20:47:09.433Z",
    "name": "Widefield Red",
    "description": "",
    "owner": 1,
    "managers": "[]",
    "microscope": "wKqWbgApvguSNDSRZNSfpN",
    "comments": "",
    "light": 10,
    "camera": 8,
    "laser": null
  }
},
{
  "model": "proteins.filterplacement",
  "pk": 58,
  "fields": {
    "filter": 616,
    "config": 22,
    "path": "ex",
    "reflects": false
  }
},
{
  "model": "proteins.filter",
  "pk": 616,
  "fields": {
    "created": "2018-05-26T02:05:16.187Z",
    "modified": "2018-05-26T02:05:16.593Z",
    "created_by": 1,
    "updated_by": null,
    "manufacturer": "Semrock",
    "part": "FF01-562/40",
    "url": "https://www.semrock.com/FilterDetails.aspx?id=FF01-562/40",
    "name": "Semrock FF01-562/40",
    "slug": "semrock-ff01-56240",
    "bandcenter": 1,
    "bandwidth": 40,
    "edge": null,
    "tavg": null,
    "aoi": null
  }
},
{
  "model": "proteins.filterplacement",
  "pk": 59,
  "fields": {
    "filter": 923,
    "config": 22,
    "path": "bs",
    "reflects": false
  }
},
{
  "model": "proteins.filter",
  "pk": 923,
  "fields": {
    "created": "2018-05-26T02:48:12.706Z",
    "modified": "2018-05-26T02:48:12.977Z",
    "created_by": 1,
    "updated_by": null,
    "manufacturer": "Semrock",
    "part": "FF593-Di03",
    "url": "https://www.semrock.com/FilterDetails.aspx?id=FF593-Di03",
    "name": "Semrock FF593-Di03",
    "slug": "semrock-ff593-di03",
    "bandcenter": null,
    "bandwidth": null,
    "edge": null,
    "tavg": null,
    "aoi": null
  }
},
{
  "model": "proteins.filterplacement",
  "pk": 60,
  "fields": {
    "filter": 689,
    "config": 22,
    "path": "em",
    "reflects": false
  }
},
{
  "model": "proteins.filter",
  "pk": 689,
  "fields": {
    "created": "2018-05-26T02:15:41.854Z",
    "modified": "2018-05-26T02:15:42.264Z",
    "created_by": 1,
    "updated_by": null,
    "manufacturer": "Semrock",
    "part": "FF02-641/75",
    "url": "https://www.semrock.com/FilterDetails.aspx?id=FF02-641/75",
    "name": "Semrock FF02-641/75",
    "slug": "semrock-ff02-64175",
    "bandcenter": 2,
    "bandwidth": 75,
    "edge": null,
    "tavg": null,
    "aoi": null
  }
}
]
